{
  "iter": 5,
  "opencode_elapsed_s": 285.361420393,
  "validation_elapsed_s": 422.3079974851571,
  "total_elapsed_s": 707.6694178781571,
  "validation_passed": false,
  "input_tokens": 1816289,
  "output_tokens": 15870,
  "total_tokens": 1832159,
  "stall_aborted": false,
  "gen_queue_wait_s": 0.00022241799160838127,
  "val_queue_wait_s": 3025.4938076920807
}