{
  "iter": 8,
  "opencode_elapsed_s": 215.30721736,
  "validation_elapsed_s": 397.0858771200292,
  "total_elapsed_s": 612.3930944800292,
  "validation_passed": true,
  "input_tokens": 218623,
  "output_tokens": 6373,
  "total_tokens": 744276,
  "stall_aborted": false,
  "gen_queue_wait_s": 0.00016720686107873917,
  "val_queue_wait_s": 3871.3745193439536
}