{
  "elapsed_s": 81.14771236502565,
  "perturbation_seed": 1983564310,
  "perturbation_value": 1.976554264859188,
  "output_file_name": "validation_output.bin"
}