{
  "iter": 6,
  "opencode_elapsed_s": 1660.878862143,
  "validation_elapsed_s": 422.9527336466126,
  "total_elapsed_s": 2083.831595789613,
  "validation_passed": false,
  "input_tokens": 21528328,
  "output_tokens": 73325,
  "total_tokens": 21601653,
  "stall_aborted": false,
  "gen_queue_wait_s": 7.275119423866272e-05,
  "val_queue_wait_s": 101.90923671098426
}