{
  "iter": 7,
  "opencode_elapsed_s": 92.760946512,
  "validation_elapsed_s": 340.6165355260018,
  "total_elapsed_s": 433.37748203800186,
  "validation_passed": false,
  "input_tokens": 240527,
  "output_tokens": 3614,
  "total_tokens": 667722,
  "stall_aborted": false,
  "gen_queue_wait_s": 0.00018625101074576378,
  "val_queue_wait_s": 3793.2644573359285
}