{
  "iter": 8,
  "opencode_elapsed_s": 272.449111938,
  "validation_elapsed_s": 297.2889324778225,
  "total_elapsed_s": 569.7380444158225,
  "validation_passed": false,
  "input_tokens": 283781,
  "output_tokens": 7973,
  "total_tokens": 1714875,
  "stall_aborted": false,
  "gen_queue_wait_s": 0.00024183397181332111,
  "val_queue_wait_s": 1842.8790415900294
}