{
  "iter": 9,
  "opencode_elapsed_s": 155.287307262,
  "validation_elapsed_s": 287.3109050281346,
  "total_elapsed_s": 442.5982122901346,
  "validation_passed": false,
  "input_tokens": 258468,
  "output_tokens": 4842,
  "total_tokens": 745931,
  "stall_aborted": false,
  "gen_queue_wait_s": 0.00016925297677516937,
  "val_queue_wait_s": 5812.2437301022
}