{
  "iter": 5,
  "opencode_elapsed_s": 938.140993118,
  "validation_elapsed_s": 64.45653228787705,
  "total_elapsed_s": 1002.597525405877,
  "validation_passed": false,
  "input_tokens": 11380469,
  "output_tokens": 67718,
  "total_tokens": 11448187,
  "stall_aborted": false,
  "gen_queue_wait_s": 0.00021679233759641647,
  "val_queue_wait_s": 4284.9491380858235
}