{
  "iter": 1,
  "opencode_elapsed_s": 163.769595146,
  "validation_elapsed_s": 225.5803962573409,
  "total_elapsed_s": 389.34999140334094,
  "validation_passed": false,
  "input_tokens": 440620,
  "output_tokens": 8270,
  "total_tokens": 1333886,
  "stall_aborted": false,
  "gen_queue_wait_s": 0.0020197411067783833,
  "val_queue_wait_s": 0.00010724971070885658
}