{
  "iter": 2,
  "opencode_elapsed_s": 219.492044449,
  "validation_elapsed_s": 231.3541873008944,
  "total_elapsed_s": 450.8462317498944,
  "validation_passed": false,
  "input_tokens": 211956,
  "output_tokens": 5041,
  "total_tokens": 888458,
  "stall_aborted": false,
  "gen_queue_wait_s": 1353.5004872600548,
  "val_queue_wait_s": 4353.633187905187
}