{
  "iter": 4,
  "opencode_elapsed_s": 110.015106916,
  "validation_elapsed_s": 603.8811123960186,
  "total_elapsed_s": 713.8962193120186,
  "validation_passed": true,
  "input_tokens": 119963,
  "output_tokens": 4460,
  "total_tokens": 755833,
  "stall_aborted": false,
  "gen_queue_wait_s": 0.00021079392172396183,
  "val_queue_wait_s": 9558.613262963016
}