{
  "iter": 3,
  "opencode_elapsed_s": 232.596708536,
  "validation_elapsed_s": 628.6573160467669,
  "total_elapsed_s": 861.254024582767,
  "validation_passed": false,
  "input_tokens": 1844443,
  "output_tokens": 14886,
  "total_tokens": 1859329,
  "stall_aborted": false,
  "gen_queue_wait_s": 0.00017329305410385132,
  "val_queue_wait_s": 6468.886980138719
}