{
  "iter": 2,
  "opencode_elapsed_s": 101.529256105,
  "validation_elapsed_s": 230.22268609097227,
  "total_elapsed_s": 331.7519421959723,
  "validation_passed": false,
  "input_tokens": 51980,
  "output_tokens": 792,
  "total_tokens": 72388,
  "stall_aborted": false,
  "gen_queue_wait_s": 0.00012125307694077492,
  "val_queue_wait_s": 2133.5476312958635
}