{
  "iter": 9,
  "opencode_elapsed_s": 54.174022913,
  "validation_elapsed_s": 509.2786870454438,
  "total_elapsed_s": 563.4527099584438,
  "validation_passed": false,
  "input_tokens": 261576,
  "output_tokens": 1677,
  "total_tokens": 263253,
  "stall_aborted": false,
  "gen_queue_wait_s": 0.00010350020602345467,
  "val_queue_wait_s": 305.80065155029297
}