{
  "iter": 4,
  "opencode_elapsed_s": 802.139023542,
  "validation_elapsed_s": 133.68358956300654,
  "total_elapsed_s": 935.8226131050066,
  "validation_passed": false,
  "input_tokens": 8197991,
  "output_tokens": 35927,
  "total_tokens": 8233918,
  "stall_aborted": false,
  "gen_queue_wait_s": 0.00022737612016499043,
  "val_queue_wait_s": 4912.733845090959
}