{
  "iter": 9,
  "opencode_elapsed_s": 250.139249563,
  "validation_elapsed_s": 133.50103901303373,
  "total_elapsed_s": 383.64028857603375,
  "validation_passed": false,
  "input_tokens": 1351990,
  "output_tokens": 3968,
  "total_tokens": 1355958,
  "stall_aborted": false,
  "gen_queue_wait_s": 0.00013937591575086117,
  "val_queue_wait_s": 726.327354663983
}