{
  "iter": 5,
  "opencode_elapsed_s": 139.200215816,
  "validation_elapsed_s": 204.87951379292645,
  "total_elapsed_s": 344.0797296089264,
  "validation_passed": false,
  "input_tokens": 67347,
  "output_tokens": 3624,
  "total_tokens": 497055,
  "stall_aborted": false,
  "gen_queue_wait_s": 0.000358539167791605,
  "val_queue_wait_s": 5403.265392394038
}