{
  "iter": 2,
  "opencode_elapsed_s": 60.657104015,
  "validation_elapsed_s": 865.610241855029,
  "total_elapsed_s": 926.267345870029,
  "validation_passed": true,
  "input_tokens": 400071,
  "output_tokens": 3317,
  "total_tokens": 403388,
  "stall_aborted": false,
  "gen_queue_wait_s": 0.005348249338567257,
  "val_queue_wait_s": 5912.746529797092
}