{
  "iter": 1,
  "opencode_elapsed_s": 265.5235641,
  "validation_elapsed_s": 205.57100247219205,
  "total_elapsed_s": 471.09456657219204,
  "validation_passed": true,
  "input_tokens": 1994275,
  "output_tokens": 12432,
  "total_tokens": 2006707,
  "stall_aborted": false,
  "gen_queue_wait_s": 160.11425475706346,
  "val_queue_wait_s": 2329.917236272944
}