{
  "iter": 10,
  "opencode_elapsed_s": 2956.621590614,
  "validation_elapsed_s": 405.99423291999847,
  "total_elapsed_s": 3362.6158235339985,
  "validation_passed": false,
  "input_tokens": 14946689,
  "output_tokens": 71967,
  "total_tokens": 15018656,
  "stall_aborted": false,
  "gen_queue_wait_s": 6.516813300549984e-05,
  "val_queue_wait_s": 210.74813278298825
}