{
  "elapsed_s": 135.47998852701858,
  "perturbation_seed": 597534499,
  "perturbation_value": 0.5163977578935017,
  "output_file_name": "validation_output.bin"
}