{
  "iter": 1,
  "opencode_elapsed_s": 679.818849325,
  "validation_elapsed_s": 257.65430243103765,
  "total_elapsed_s": 937.4731517560376,
  "validation_passed": false,
  "input_tokens": 5161288,
  "output_tokens": 29262,
  "total_tokens": 5190550,
  "stall_aborted": false,
  "gen_queue_wait_s": 1013.2528737802058,
  "val_queue_wait_s": 4703.647479153005
}