{
  "iter": 1,
  "opencode_elapsed_s": 371.204695225,
  "validation_elapsed_s": 93.1065312589053,
  "total_elapsed_s": 464.31122648390533,
  "validation_passed": false,
  "input_tokens": 728945,
  "output_tokens": 13619,
  "total_tokens": 3870074,
  "stall_aborted": false,
  "gen_queue_wait_s": 194.83369386498816,
  "val_queue_wait_s": 602.047721312847
}