{
  "iter": 10,
  "opencode_elapsed_s": 166.861283779,
  "validation_elapsed_s": 373.2435756139457,
  "total_elapsed_s": 540.1048593929457,
  "validation_passed": false,
  "input_tokens": 1522930,
  "output_tokens": 5935,
  "total_tokens": 1528865,
  "stall_aborted": false,
  "gen_queue_wait_s": 5.908403545618057e-05,
  "val_queue_wait_s": 0.00010374980047345161
}