{
  "iter": 7,
  "opencode_elapsed_s": 182.752047777,
  "validation_elapsed_s": 119.1324120759964,
  "total_elapsed_s": 301.88445985299643,
  "validation_passed": false,
  "input_tokens": 329907,
  "output_tokens": 6943,
  "total_tokens": 1358067,
  "stall_aborted": false,
  "gen_queue_wait_s": 0.0002170379739254713,
  "val_queue_wait_s": 1875.2148084819783
}