{
  "iter": 4,
  "opencode_elapsed_s": 747.500016928,
  "validation_elapsed_s": 505.78062364878133,
  "total_elapsed_s": 1253.2806405767815,
  "validation_passed": true,
  "input_tokens": 9033017,
  "output_tokens": 51652,
  "total_tokens": 9084669,
  "stall_aborted": false,
  "gen_queue_wait_s": 0.00011491682380437851,
  "val_queue_wait_s": 3935.8424267391674
}