{
  "iter": 6,
  "opencode_elapsed_s": 373.453763962,
  "validation_elapsed_s": 346.7147940979339,
  "total_elapsed_s": 720.168558059934,
  "validation_passed": false,
  "input_tokens": 297028,
  "output_tokens": 1551,
  "total_tokens": 298579,
  "stall_aborted": false,
  "gen_queue_wait_s": 0.0002438337542116642,
  "val_queue_wait_s": 24.94605834921822
}