{
  "iter": 5,
  "opencode_elapsed_s": 769.869773865,
  "validation_elapsed_s": 521.1488295029849,
  "total_elapsed_s": 1291.0186033679847,
  "validation_passed": true,
  "input_tokens": 4583969,
  "output_tokens": 37504,
  "total_tokens": 4621473,
  "stall_aborted": false,
  "gen_queue_wait_s": 0.0003885440528392792,
  "val_queue_wait_s": 2675.1978526599705
}