{
  "iter": 6,
  "opencode_elapsed_s": 266.204679012,
  "validation_elapsed_s": 391.95523300161585,
  "total_elapsed_s": 658.1599120136159,
  "validation_passed": false,
  "input_tokens": 3839475,
  "output_tokens": 15598,
  "total_tokens": 3855073,
  "stall_aborted": false,
  "gen_queue_wait_s": 0.0002144589088857174,
  "val_queue_wait_s": 3955.421228978783
}