{
  "iter": 6,
  "opencode_elapsed_s": 297.073004723,
  "validation_elapsed_s": 514.6545596080832,
  "total_elapsed_s": 811.7275643310832,
  "validation_passed": false,
  "input_tokens": 428760,
  "output_tokens": 8148,
  "total_tokens": 2908004,
  "stall_aborted": false,
  "gen_queue_wait_s": 0.000161041971296072,
  "val_queue_wait_s": 6300.261222021189
}