{
  "iter": 1,
  "opencode_elapsed_s": 552.363607168,
  "validation_elapsed_s": 376.0320357121527,
  "total_elapsed_s": 928.3956428801528,
  "validation_passed": false,
  "input_tokens": 6119609,
  "output_tokens": 24180,
  "total_tokens": 6143789,
  "stall_aborted": false,
  "gen_queue_wait_s": 0.0019091260619461536,
  "val_queue_wait_s": 417.1543110492639
}