{
  "iter": 2,
  "opencode_elapsed_s": 202.450026751,
  "validation_elapsed_s": 368.6288615120575,
  "total_elapsed_s": 571.0788882630575,
  "validation_passed": true,
  "input_tokens": 1394406,
  "output_tokens": 8006,
  "total_tokens": 1402412,
  "stall_aborted": false,
  "gen_queue_wait_s": 0.0001671663485467434,
  "val_queue_wait_s": 7139.668603322003
}