{
  "iter": 1,
  "opencode_elapsed_s": 892.30193758,
  "validation_elapsed_s": 79.89746385486796,
  "total_elapsed_s": 972.1994014348679,
  "validation_passed": false,
  "input_tokens": 5449965,
  "output_tokens": 46794,
  "total_tokens": 5496759,
  "stall_aborted": false,
  "gen_queue_wait_s": 0.0016569592989981174,
  "val_queue_wait_s": 1773.7980676102452
}