{
  "iter": 2,
  "opencode_elapsed_s": 744.912144661,
  "validation_elapsed_s": 515.4598116721027,
  "total_elapsed_s": 1260.3719563331026,
  "validation_passed": true,
  "input_tokens": 356447,
  "output_tokens": 9198,
  "total_tokens": 2099535,
  "stall_aborted": false,
  "gen_queue_wait_s": 0.0002092970535159111,
  "val_queue_wait_s": 1728.4393417490646
}