{
  "iter": 10,
  "opencode_elapsed_s": 142.935792208,
  "validation_elapsed_s": 121.86553947580978,
  "total_elapsed_s": 264.8013316838098,
  "validation_passed": false,
  "input_tokens": 134623,
  "output_tokens": 5310,
  "total_tokens": 1799586,
  "stall_aborted": false,
  "gen_queue_wait_s": 0.0002000858075916767,
  "val_queue_wait_s": 2912.536422760226
}