{
  "iter": 6,
  "opencode_elapsed_s": 927.193241596,
  "validation_elapsed_s": 733.3986881147139,
  "total_elapsed_s": 1660.5919297107139,
  "validation_passed": false,
  "input_tokens": 10170627,
  "output_tokens": 68027,
  "total_tokens": 10238654,
  "stall_aborted": false,
  "gen_queue_wait_s": 0.00014550099149346352,
  "val_queue_wait_s": 3503.209317984991
}