{
  "iter": 5,
  "opencode_elapsed_s": 3601.097603321,
  "validation_elapsed_s": 387.98597063077614,
  "total_elapsed_s": 3989.083573951776,
  "validation_passed": false,
  "input_tokens": 28155866,
  "output_tokens": 97891,
  "total_tokens": 28253757,
  "stall_aborted": false,
  "gen_queue_wait_s": 4.132145314943045,
  "val_queue_wait_s": 1973.4342084443197
}