{
  "elapsed_s": 77.82824579486623,
  "perturbation_seed": 1611068312,
  "perturbation_value": 1.9823395375835183e-05,
  "output_file_name": "validation_output.bin"
}