{
  "iter": 7,
  "opencode_elapsed_s": 135.939248323,
  "validation_elapsed_s": 492.5846276571974,
  "total_elapsed_s": 628.5238759801974,
  "validation_passed": false,
  "input_tokens": 151384,
  "output_tokens": 2809,
  "total_tokens": 566449,
  "stall_aborted": false,
  "gen_queue_wait_s": 0.00021391804330050945,
  "val_queue_wait_s": 4084.5281460478436
}