{
  "iter": 7,
  "opencode_elapsed_s": 730.142908812,
  "validation_elapsed_s": 354.5442210040055,
  "total_elapsed_s": 1084.6871298160054,
  "validation_passed": false,
  "input_tokens": 9484250,
  "output_tokens": 52415,
  "total_tokens": 9536665,
  "stall_aborted": false,
  "gen_queue_wait_s": 0.00019304314628243446,
  "val_queue_wait_s": 2475.5525075546466
}