{
  "iter": 1,
  "opencode_elapsed_s": 262.22598362,
  "validation_elapsed_s": 637.3400773820467,
  "total_elapsed_s": 899.5660610020468,
  "validation_passed": true,
  "input_tokens": 2599795,
  "output_tokens": 18403,
  "total_tokens": 2618198,
  "stall_aborted": false,
  "gen_queue_wait_s": 0.0019139191135764122,
  "val_queue_wait_s": 0.00017100060358643532
}