{
  "iter": 2,
  "opencode_elapsed_s": 161.791614771,
  "validation_elapsed_s": 146.49946646718308,
  "total_elapsed_s": 308.2910812381831,
  "validation_passed": false,
  "input_tokens": 256529,
  "output_tokens": 5337,
  "total_tokens": 929736,
  "stall_aborted": false,
  "gen_queue_wait_s": 878.6204180121422,
  "val_queue_wait_s": 3383.202984572854
}