{
  "iter": 4,
  "opencode_elapsed_s": 203.234870911,
  "validation_elapsed_s": 599.7360194618814,
  "total_elapsed_s": 802.9708903728814,
  "validation_passed": false,
  "input_tokens": 134271,
  "output_tokens": 7971,
  "total_tokens": 1506101,
  "stall_aborted": false,
  "gen_queue_wait_s": 9.958399459719658e-05,
  "val_queue_wait_s": 6766.180781137897
}