{
  "elapsed_s": 108.7252582621295,
  "perturbation_seed": 288879139,
  "perturbation_value": 1.4005183809297308,
  "output_file_name": "validation_output.bin"
}