{
  "iter": 8,
  "opencode_elapsed_s": 1424.291194201,
  "validation_elapsed_s": 356.42080644890666,
  "total_elapsed_s": 1780.7120006499067,
  "validation_passed": false,
  "input_tokens": 17675968,
  "output_tokens": 101559,
  "total_tokens": 17777527,
  "stall_aborted": false,
  "gen_queue_wait_s": 0.0002110837958753109,
  "val_queue_wait_s": 4830.170134556014
}