{
  "iter": 2,
  "opencode_elapsed_s": 298.166073322,
  "validation_elapsed_s": 393.8176465141587,
  "total_elapsed_s": 691.9837198361587,
  "validation_passed": false,
  "input_tokens": 2823531,
  "output_tokens": 12312,
  "total_tokens": 2835843,
  "stall_aborted": false,
  "gen_queue_wait_s": 0.0001934240572154522,
  "val_queue_wait_s": 6849.3815269107
}