{
  "iter": 2,
  "opencode_elapsed_s": 273.012565851,
  "validation_elapsed_s": 120.1609568381682,
  "total_elapsed_s": 393.1735226891682,
  "validation_passed": false,
  "input_tokens": 38803,
  "output_tokens": 2392,
  "total_tokens": 310712,
  "stall_aborted": false,
  "gen_queue_wait_s": 0.0001642121933400631,
  "val_queue_wait_s": 2062.6116151558235
}