{
  "iter": 7,
  "opencode_elapsed_s": 141.075481176,
  "validation_elapsed_s": 195.23811675189063,
  "total_elapsed_s": 336.31359792789067,
  "validation_passed": false,
  "input_tokens": 136087,
  "output_tokens": 4104,
  "total_tokens": 1399500,
  "stall_aborted": false,
  "gen_queue_wait_s": 0.0001459179911762476,
  "val_queue_wait_s": 4268.088455331046
}