{
  "iter": 4,
  "opencode_elapsed_s": 273.104159832,
  "validation_elapsed_s": 342.92131068604067,
  "total_elapsed_s": 616.0254705180407,
  "validation_passed": false,
  "input_tokens": 142825,
  "output_tokens": 5500,
  "total_tokens": 2629303,
  "stall_aborted": false,
  "gen_queue_wait_s": 0.00015849596820771694,
  "val_queue_wait_s": 1395.722592444159
}