{
  "iter": 2,
  "opencode_elapsed_s": 237.302580118,
  "validation_elapsed_s": 359.9381483900361,
  "total_elapsed_s": 597.2407285080361,
  "validation_passed": false,
  "input_tokens": 1968266,
  "output_tokens": 6875,
  "total_tokens": 1975141,
  "stall_aborted": false,
  "gen_queue_wait_s": 0.00020966771990060806,
  "val_queue_wait_s": 5194.993552446831
}