{
  "iter": 2,
  "opencode_elapsed_s": 210.002743959,
  "validation_elapsed_s": 303.89282477321103,
  "total_elapsed_s": 513.895568732211,
  "validation_passed": false,
  "input_tokens": 194607,
  "output_tokens": 3394,
  "total_tokens": 563988,
  "stall_aborted": false,
  "gen_queue_wait_s": 95.93106321571395,
  "val_queue_wait_s": 1823.9063837998547
}