{
  "iter": 3,
  "opencode_elapsed_s": 262.517729282,
  "validation_elapsed_s": 124.45369962602854,
  "total_elapsed_s": 386.97142890802854,
  "validation_passed": false,
  "input_tokens": 209887,
  "output_tokens": 6595,
  "total_tokens": 2532649,
  "stall_aborted": false,
  "gen_queue_wait_s": 0.0,
  "val_queue_wait_s": 2076.625668792054
}