{
  "iter": 8,
  "opencode_elapsed_s": 350.798402786,
  "validation_elapsed_s": 613.7129193823785,
  "total_elapsed_s": 964.5113221683785,
  "validation_passed": false,
  "input_tokens": 108502,
  "output_tokens": 7579,
  "total_tokens": 1279261,
  "stall_aborted": false,
  "gen_queue_wait_s": 0.00018912367522716522,
  "val_queue_wait_s": 409.2893643951975
}