{
  "iter": 2,
  "opencode_elapsed_s": 722.56573534,
  "validation_elapsed_s": 415.0683316607028,
  "total_elapsed_s": 1137.6340670007028,
  "validation_passed": true,
  "input_tokens": 9087374,
  "output_tokens": 31330,
  "total_tokens": 9118704,
  "stall_aborted": false,
  "gen_queue_wait_s": 2244.9388579237275,
  "val_queue_wait_s": 6814.040519605391
}