{
  "iter": 5,
  "opencode_elapsed_s": 141.666726589,
  "validation_elapsed_s": 495.1456658397801,
  "total_elapsed_s": 636.8123924287802,
  "validation_passed": false,
  "input_tokens": 104456,
  "output_tokens": 6492,
  "total_tokens": 597898,
  "stall_aborted": false,
  "gen_queue_wait_s": 0.00019887834787368774,
  "val_queue_wait_s": 5834.418161694892
}