{
  "iter": 3,
  "opencode_elapsed_s": 210.854481459,
  "validation_elapsed_s": 626.8973080059513,
  "total_elapsed_s": 837.7517894649513,
  "validation_passed": true,
  "input_tokens": 62689,
  "output_tokens": 3731,
  "total_tokens": 487609,
  "stall_aborted": false,
  "gen_queue_wait_s": 0.0001799589954316616,
  "val_queue_wait_s": 5326.335508114193
}