{
  "iter": 9,
  "opencode_elapsed_s": 1450.643550873,
  "validation_elapsed_s": 900.0044483509846,
  "total_elapsed_s": 2350.6479992239847,
  "validation_passed": false,
  "input_tokens": 4995835,
  "output_tokens": 40682,
  "total_tokens": 5036517,
  "stall_aborted": false,
  "gen_queue_wait_s": 5.587493069469929e-05,
  "val_queue_wait_s": 125.05619940604083
}