{
  "iter": 6,
  "opencode_elapsed_s": 708.376807928,
  "validation_elapsed_s": 419.27639290271327,
  "total_elapsed_s": 1127.653200830713,
  "validation_passed": false,
  "input_tokens": 9771518,
  "output_tokens": 44501,
  "total_tokens": 9816019,
  "stall_aborted": false,
  "gen_queue_wait_s": 6.562517955899239e-05,
  "val_queue_wait_s": 2712.411579724867
}