{
  "iter": 7,
  "opencode_elapsed_s": 746.593976021,
  "validation_elapsed_s": 353.60290531115606,
  "total_elapsed_s": 1100.196881332156,
  "validation_passed": false,
  "input_tokens": 6548609,
  "output_tokens": 36880,
  "total_tokens": 6585489,
  "stall_aborted": false,
  "gen_queue_wait_s": 6.645824760198593e-05,
  "val_queue_wait_s": 8.412497118115425e-05
}