{
  "iter": 2,
  "opencode_elapsed_s": 117.978691101,
  "validation_elapsed_s": 124.18598336097784,
  "total_elapsed_s": 242.16467446197782,
  "validation_passed": false,
  "input_tokens": 224126,
  "output_tokens": 3978,
  "total_tokens": 820703,
  "stall_aborted": false,
  "gen_queue_wait_s": 0.0001629609614610672,
  "val_queue_wait_s": 1919.6567268860526
}