{
  "iter": 1,
  "opencode_elapsed_s": 368.341036081,
  "validation_elapsed_s": 194.19151953491382,
  "total_elapsed_s": 562.5325556159139,
  "validation_passed": false,
  "input_tokens": 751812,
  "output_tokens": 14597,
  "total_tokens": 3659827,
  "stall_aborted": false,
  "gen_queue_wait_s": 332.3721613360103,
  "val_queue_wait_s": 945.6553664060775
}