{
  "iter": 3,
  "opencode_elapsed_s": 140.630033016,
  "validation_elapsed_s": 526.918481966015,
  "total_elapsed_s": 667.5485149820149,
  "validation_passed": false,
  "input_tokens": 52329,
  "output_tokens": 5740,
  "total_tokens": 660136,
  "stall_aborted": false,
  "gen_queue_wait_s": 0.00017366302199661732,
  "val_queue_wait_s": 1475.064384268131
}