{
  "iter": 1,
  "opencode_elapsed_s": 317.302728176,
  "validation_elapsed_s": 900.0021923859604,
  "total_elapsed_s": 1217.3049205619604,
  "validation_passed": false,
  "input_tokens": 3411860,
  "output_tokens": 12052,
  "total_tokens": 3423912,
  "stall_aborted": false,
  "gen_queue_wait_s": 577.0616063922644,
  "val_queue_wait_s": 836.1390660498291
}