{
  "iter": 10,
  "opencode_elapsed_s": 144.889628172,
  "validation_elapsed_s": 370.317724554101,
  "total_elapsed_s": 515.207352726101,
  "validation_passed": false,
  "input_tokens": 103154,
  "output_tokens": 5873,
  "total_tokens": 1229125,
  "stall_aborted": false,
  "gen_queue_wait_s": 8.087512105703354e-05,
  "val_queue_wait_s": 1729.3827748789918
}