{
  "iter": 1,
  "opencode_elapsed_s": 236.01366806,
  "validation_elapsed_s": 893.073672032915,
  "total_elapsed_s": 1129.087340092915,
  "validation_passed": true,
  "input_tokens": 1778194,
  "output_tokens": 15630,
  "total_tokens": 1793824,
  "stall_aborted": false,
  "gen_queue_wait_s": 1161.6835200130008,
  "val_queue_wait_s": 3906.277983868029
}