{
  "iter": 4,
  "opencode_elapsed_s": 459.742739201,
  "validation_elapsed_s": 900.0021711131558,
  "total_elapsed_s": 1359.7449103141557,
  "validation_passed": false,
  "input_tokens": 4788660,
  "output_tokens": 33571,
  "total_tokens": 4822231,
  "stall_aborted": false,
  "gen_queue_wait_s": 0.00010904297232627869,
  "val_queue_wait_s": 8398.64382674126
}