{
  "iter": 5,
  "opencode_elapsed_s": 195.277778864,
  "validation_elapsed_s": 181.50870987889357,
  "total_elapsed_s": 376.78648874289354,
  "validation_passed": true,
  "input_tokens": 77691,
  "output_tokens": 6798,
  "total_tokens": 852760,
  "stall_aborted": false,
  "gen_queue_wait_s": 0.00016362708993256092,
  "val_queue_wait_s": 4062.217383452924
}