{
  "iter": 3,
  "opencode_elapsed_s": 130.599771976,
  "validation_elapsed_s": 363.34911211999133,
  "total_elapsed_s": 493.94888409599133,
  "validation_passed": true,
  "input_tokens": 231641,
  "output_tokens": 3752,
  "total_tokens": 575056,
  "stall_aborted": false,
  "gen_queue_wait_s": 0.00017424998804926872,
  "val_queue_wait_s": 1838.5402289116755
}