{
  "iter": 1,
  "opencode_elapsed_s": 364.522541046,
  "validation_elapsed_s": 428.27442394499667,
  "total_elapsed_s": 792.7969649909967,
  "validation_passed": false,
  "input_tokens": 640912,
  "output_tokens": 17056,
  "total_tokens": 5478397,
  "stall_aborted": false,
  "gen_queue_wait_s": 385.0533917089924,
  "val_queue_wait_s": 1090.341213895008
}