{
  "iter": 4,
  "opencode_elapsed_s": 219.584418058,
  "validation_elapsed_s": 445.12241508392617,
  "total_elapsed_s": 664.7068331419262,
  "validation_passed": true,
  "input_tokens": 2452359,
  "output_tokens": 12808,
  "total_tokens": 2465167,
  "stall_aborted": false,
  "gen_queue_wait_s": 0.00014345906674861908,
  "val_queue_wait_s": 8943.520597192924
}