{
  "iter": 1,
  "opencode_elapsed_s": 267.924577713,
  "validation_elapsed_s": 198.49974536104128,
  "total_elapsed_s": 466.4243230740413,
  "validation_passed": true,
  "input_tokens": 1849054,
  "output_tokens": 12564,
  "total_tokens": 1861618,
  "stall_aborted": false,
  "gen_queue_wait_s": 343.7825669478625,
  "val_queue_wait_s": 734.0860956069082
}