{
  "iter": 4,
  "opencode_elapsed_s": 917.521710396,
  "validation_elapsed_s": 741.1141391992569,
  "total_elapsed_s": 1658.6358495952568,
  "validation_passed": false,
  "input_tokens": 10855056,
  "output_tokens": 67005,
  "total_tokens": 10922061,
  "stall_aborted": false,
  "gen_queue_wait_s": 0.00011158408597111702,
  "val_queue_wait_s": 5157.833041349892
}