{
  "iter": 1,
  "opencode_elapsed_s": 279.018217325,
  "validation_elapsed_s": 84.83485451573506,
  "total_elapsed_s": 363.8530718407351,
  "validation_passed": false,
  "input_tokens": 553558,
  "output_tokens": 11962,
  "total_tokens": 2806928,
  "stall_aborted": false,
  "gen_queue_wait_s": 0.0012597031891345978,
  "val_queue_wait_s": 297.11777464672923
}