{
  "iter": 2,
  "opencode_elapsed_s": 146.107098579,
  "validation_elapsed_s": 720.1810356383212,
  "total_elapsed_s": 866.2881342173212,
  "validation_passed": false,
  "input_tokens": 76521,
  "output_tokens": 3340,
  "total_tokens": 773739,
  "stall_aborted": false,
  "gen_queue_wait_s": 0.0,
  "val_queue_wait_s": 3029.0731415459886
}