{
  "iter": 1,
  "opencode_elapsed_s": 709.596499205,
  "validation_elapsed_s": 439.1884063798934,
  "total_elapsed_s": 1148.7849055848933,
  "validation_passed": false,
  "input_tokens": 6831158,
  "output_tokens": 30955,
  "total_tokens": 6862113,
  "stall_aborted": false,
  "gen_queue_wait_s": 1445.3156452788971,
  "val_queue_wait_s": 6040.462117168587
}