{
  "iter": 6,
  "opencode_elapsed_s": 287.204838276,
  "validation_elapsed_s": 303.85011761495844,
  "total_elapsed_s": 591.0549558909584,
  "validation_passed": false,
  "input_tokens": 321574,
  "output_tokens": 7753,
  "total_tokens": 1778294,
  "stall_aborted": false,
  "gen_queue_wait_s": 8.012400940060616e-05,
  "val_queue_wait_s": 6612.687694136985
}