{
  "iter": 3,
  "opencode_elapsed_s": 241.974882364,
  "validation_elapsed_s": 439.7792688012123,
  "total_elapsed_s": 681.7541511652123,
  "validation_passed": false,
  "input_tokens": 1996384,
  "output_tokens": 15609,
  "total_tokens": 2011993,
  "stall_aborted": false,
  "gen_queue_wait_s": 0.00015016598626971245,
  "val_queue_wait_s": 6569.371910620946
}