{
  "iter": 2,
  "opencode_elapsed_s": 264.813549042,
  "validation_elapsed_s": 347.4207498752512,
  "total_elapsed_s": 612.2342989172512,
  "validation_passed": true,
  "input_tokens": 1302008,
  "output_tokens": 10899,
  "total_tokens": 1312907,
  "stall_aborted": false,
  "gen_queue_wait_s": 0.00023987609893083572,
  "val_queue_wait_s": 7234.022644991986
}