{
  "iter": 3,
  "opencode_elapsed_s": 291.339996338,
  "validation_elapsed_s": 624.5307651008479,
  "total_elapsed_s": 915.8707614388479,
  "validation_passed": false,
  "input_tokens": 172512,
  "output_tokens": 5271,
  "total_tokens": 883799,
  "stall_aborted": false,
  "gen_queue_wait_s": 0.00015912391245365143,
  "val_queue_wait_s": 3921.418420869857
}