{
  "iter": 4,
  "opencode_elapsed_s": 374.702094078,
  "validation_elapsed_s": 456.27298725396395,
  "total_elapsed_s": 830.975081331964,
  "validation_passed": false,
  "input_tokens": 4696380,
  "output_tokens": 13296,
  "total_tokens": 4709676,
  "stall_aborted": false,
  "gen_queue_wait_s": 0.00014729308895766735,
  "val_queue_wait_s": 5039.818995764013
}