{
  "iter": 6,
  "opencode_elapsed_s": 227.027773857,
  "validation_elapsed_s": 127.2080357989762,
  "total_elapsed_s": 354.2358096559762,
  "validation_passed": false,
  "input_tokens": 363178,
  "output_tokens": 9209,
  "total_tokens": 2914811,
  "stall_aborted": false,
  "gen_queue_wait_s": 0.00010962900705635548,
  "val_queue_wait_s": 2623.743298989022
}