{
  "iter": 2,
  "opencode_elapsed_s": 408.303043365,
  "validation_elapsed_s": 271.52351990295574,
  "total_elapsed_s": 679.8265632679557,
  "validation_passed": false,
  "input_tokens": 2537843,
  "output_tokens": 17076,
  "total_tokens": 2554919,
  "stall_aborted": false,
  "gen_queue_wait_s": 0.00023879297077655792,
  "val_queue_wait_s": 3187.959553217981
}