{
  "iter": 9,
  "opencode_elapsed_s": 127.60358119,
  "validation_elapsed_s": 805.5797743070871,
  "total_elapsed_s": 933.1833554970871,
  "validation_passed": true,
  "input_tokens": 47305,
  "output_tokens": 2161,
  "total_tokens": 270687,
  "stall_aborted": false,
  "gen_queue_wait_s": 0.00018725218251347542,
  "val_queue_wait_s": 634.4072950519621
}