{
  "iter": 2,
  "opencode_elapsed_s": 1090.69007802,
  "validation_elapsed_s": 321.4469416262582,
  "total_elapsed_s": 1412.1370196462583,
  "validation_passed": true,
  "input_tokens": 14917058,
  "output_tokens": 48090,
  "total_tokens": 14965148,
  "stall_aborted": false,
  "gen_queue_wait_s": 1145.1053634230047,
  "val_queue_wait_s": 6560.380085896701
}