{
  "iter": 3,
  "opencode_elapsed_s": 1787.349667788,
  "validation_elapsed_s": 129.408131333068,
  "total_elapsed_s": 1916.757799121068,
  "validation_passed": false,
  "input_tokens": 14064271,
  "output_tokens": 89632,
  "total_tokens": 14153903,
  "stall_aborted": false,
  "gen_queue_wait_s": 0.0001239171251654625,
  "val_queue_wait_s": 4129.682256147964
}