{
  "iter": 7,
  "opencode_elapsed_s": 341.860662699,
  "validation_elapsed_s": 399.9743304159492,
  "total_elapsed_s": 741.8349931149492,
  "validation_passed": false,
  "input_tokens": 137413,
  "output_tokens": 10648,
  "total_tokens": 2505118,
  "stall_aborted": false,
  "gen_queue_wait_s": 0.0001015826128423214,
  "val_queue_wait_s": 151.5382182789035
}