{
  "iter": 1,
  "opencode_elapsed_s": 384.423736095,
  "validation_elapsed_s": 511.5021970400121,
  "total_elapsed_s": 895.9259331350121,
  "validation_passed": false,
  "input_tokens": 621101,
  "output_tokens": 13668,
  "total_tokens": 3478911,
  "stall_aborted": false,
  "gen_queue_wait_s": 0.0023830030113458633,
  "val_queue_wait_s": 271.6953211959917
}