{
  "iter": 2,
  "opencode_elapsed_s": 274.836252689,
  "validation_elapsed_s": 369.4796129921451,
  "total_elapsed_s": 644.3158656811452,
  "validation_passed": true,
  "input_tokens": 2735529,
  "output_tokens": 18266,
  "total_tokens": 2753795,
  "stall_aborted": false,
  "gen_queue_wait_s": 0.0,
  "val_queue_wait_s": 392.51853873906657
}