{
  "iter": 3,
  "opencode_elapsed_s": 290.645233631,
  "validation_elapsed_s": 538.4547978159972,
  "total_elapsed_s": 829.1000314469971,
  "validation_passed": true,
  "input_tokens": 2083800,
  "output_tokens": 11949,
  "total_tokens": 2095749,
  "stall_aborted": false,
  "gen_queue_wait_s": 0.00015408406034111977,
  "val_queue_wait_s": 5255.082192100119
}