{
  "iter": 1,
  "opencode_elapsed_s": 229.17060256,
  "validation_elapsed_s": 169.34920654795133,
  "total_elapsed_s": 398.51980910795135,
  "validation_passed": false,
  "input_tokens": 342081,
  "output_tokens": 8905,
  "total_tokens": 2106869,
  "stall_aborted": false,
  "gen_queue_wait_s": 435.20337851694785,
  "val_queue_wait_s": 1243.324963523075
}