{
  "iter": 9,
  "opencode_elapsed_s": 384.267753124,
  "validation_elapsed_s": 627.7979142419063,
  "total_elapsed_s": 1012.0656673659063,
  "validation_passed": false,
  "input_tokens": 5519125,
  "output_tokens": 27540,
  "total_tokens": 5546665,
  "stall_aborted": false,
  "gen_queue_wait_s": 0.0002537928521633148,
  "val_queue_wait_s": 856.3510570302606
}