{
  "iter": 10,
  "opencode_elapsed_s": 180.886319876,
  "validation_elapsed_s": 615.9834501519799,
  "total_elapsed_s": 796.8697700279799,
  "validation_passed": false,
  "input_tokens": 102348,
  "output_tokens": 5198,
  "total_tokens": 579204,
  "stall_aborted": false,
  "gen_queue_wait_s": 0.00024096015840768814,
  "val_queue_wait_s": 2566.702945635654
}