{
  "elapsed_s": 111.07600000989623,
  "perturbation_seed": 2014705531,
  "perturbation_value": 0.5198478292619554,
  "output_file_name": "validation_output.bin"
}