{
  "iter": 1,
  "opencode_elapsed_s": 1195.680222511,
  "validation_elapsed_s": 414.69643623707816,
  "total_elapsed_s": 1610.3766587480782,
  "validation_passed": false,
  "input_tokens": 4904431,
  "output_tokens": 21346,
  "total_tokens": 4925777,
  "stall_aborted": false,
  "gen_queue_wait_s": 2111.285377899185,
  "val_queue_wait_s": 3154.750456901267
}