{
  "iter": 6,
  "opencode_elapsed_s": 322.52613616,
  "validation_elapsed_s": 289.2919030985795,
  "total_elapsed_s": 611.8180392585796,
  "validation_passed": false,
  "input_tokens": 120524,
  "output_tokens": 5088,
  "total_tokens": 859797,
  "stall_aborted": false,
  "gen_queue_wait_s": 0.00015542004257440567,
  "val_queue_wait_s": 4018.6708729770035
}