{
  "iter": 6,
  "opencode_elapsed_s": 160.203198433,
  "validation_elapsed_s": 192.3521219571121,
  "total_elapsed_s": 352.5553203901121,
  "validation_passed": false,
  "input_tokens": 97464,
  "output_tokens": 5840,
  "total_tokens": 1058494,
  "stall_aborted": false,
  "gen_queue_wait_s": 0.00018220697529613972,
  "val_queue_wait_s": 1894.8039763348643
}