{
  "iter": 1,
  "opencode_elapsed_s": 494.609582424,
  "validation_elapsed_s": 657.878370073624,
  "total_elapsed_s": 1152.487952497624,
  "validation_passed": true,
  "input_tokens": 3725777,
  "output_tokens": 22638,
  "total_tokens": 3748415,
  "stall_aborted": false,
  "gen_queue_wait_s": 2729.071809784975,
  "val_queue_wait_s": 4707.841843867209
}