{
  "iter": 7,
  "opencode_elapsed_s": 469.001231432,
  "validation_elapsed_s": 382.804719096981,
  "total_elapsed_s": 851.8059505289809,
  "validation_passed": false,
  "input_tokens": 4983392,
  "output_tokens": 32990,
  "total_tokens": 5016382,
  "stall_aborted": false,
  "gen_queue_wait_s": 0.0001434176228940487,
  "val_queue_wait_s": 1351.8494917401113
}