{
  "iter": 7,
  "opencode_elapsed_s": 270.998073578,
  "validation_elapsed_s": 595.2705895239487,
  "total_elapsed_s": 866.2686631019487,
  "validation_passed": true,
  "input_tokens": 4137357,
  "output_tokens": 15754,
  "total_tokens": 4153111,
  "stall_aborted": false,
  "gen_queue_wait_s": 55.786783795338124,
  "val_queue_wait_s": 1213.6562566249631
}