{
  "iter": 7,
  "opencode_elapsed_s": 1514.46730113,
  "validation_elapsed_s": 351.99704875797033,
  "total_elapsed_s": 1866.4643498879702,
  "validation_passed": false,
  "input_tokens": 20971890,
  "output_tokens": 63753,
  "total_tokens": 21035643,
  "stall_aborted": false,
  "gen_queue_wait_s": 0.00019299983978271484,
  "val_queue_wait_s": 679.3520882399753
}