{
  "iter": 1,
  "opencode_elapsed_s": 258.302880287,
  "validation_elapsed_s": 510.7047679112293,
  "total_elapsed_s": 769.0076481982293,
  "validation_passed": false,
  "input_tokens": 787678,
  "output_tokens": 13659,
  "total_tokens": 801337,
  "stall_aborted": false,
  "gen_queue_wait_s": 1258.0972134489566,
  "val_queue_wait_s": 3464.3559736092575
}