{
  "iter": 2,
  "opencode_elapsed_s": 330.184827328,
  "validation_elapsed_s": 451.4630984799005,
  "total_elapsed_s": 781.6479258079005,
  "validation_passed": true,
  "input_tokens": 3356971,
  "output_tokens": 21549,
  "total_tokens": 3378520,
  "stall_aborted": false,
  "gen_queue_wait_s": 0.00018354086205363274,
  "val_queue_wait_s": 8188.148744411301
}