{
  "iter": 3,
  "opencode_elapsed_s": 348.656942368,
  "validation_elapsed_s": 879.4543934529647,
  "total_elapsed_s": 1228.1113358209648,
  "validation_passed": false,
  "input_tokens": 208906,
  "output_tokens": 12816,
  "total_tokens": 1871932,
  "stall_aborted": false,
  "gen_queue_wait_s": 8.858321234583855e-05,
  "val_queue_wait_s": 9267.487520064926
}