{
  "iter": 8,
  "opencode_elapsed_s": 3194.693016768,
  "validation_elapsed_s": 469.1996140109841,
  "total_elapsed_s": 3663.892630778984,
  "validation_passed": false,
  "input_tokens": 20427200,
  "output_tokens": 84164,
  "total_tokens": 20511364,
  "stall_aborted": false,
  "gen_queue_wait_s": 0.00017970986664295197,
  "val_queue_wait_s": 0.00012933486141264439
}