{
  "iter": 3,
  "opencode_elapsed_s": 385.020152092,
  "validation_elapsed_s": 412.6177829790395,
  "total_elapsed_s": 797.6379350710395,
  "validation_passed": false,
  "input_tokens": 3489271,
  "output_tokens": 19155,
  "total_tokens": 3508426,
  "stall_aborted": false,
  "gen_queue_wait_s": 0.00022758496925234795,
  "val_queue_wait_s": 5266.621885759989
}