{
  "iter": 9,
  "opencode_elapsed_s": 825.44207716,
  "validation_elapsed_s": 385.64533406775445,
  "total_elapsed_s": 1211.0874112277545,
  "validation_passed": false,
  "input_tokens": 13000794,
  "output_tokens": 53280,
  "total_tokens": 13054074,
  "stall_aborted": false,
  "gen_queue_wait_s": 0.0001933760941028595,
  "val_queue_wait_s": 254.3608641931787
}