{
  "elapsed_s": 80.62189231091179,
  "perturbation_seed": 2123123983,
  "perturbation_value": 1.9705768890529827,
  "output_file_name": "validation_output.bin"
}