{
  "iter": 5,
  "opencode_elapsed_s": 646.107867956,
  "validation_elapsed_s": 688.2051106300205,
  "total_elapsed_s": 1334.3129785860206,
  "validation_passed": false,
  "input_tokens": 8096354,
  "output_tokens": 44306,
  "total_tokens": 8140660,
  "stall_aborted": false,
  "gen_queue_wait_s": 0.0002965843304991722,
  "val_queue_wait_s": 3269.163346405141
}