{
  "iter": 3,
  "opencode_elapsed_s": 469.4398036,
  "validation_elapsed_s": 900.0015586167574,
  "total_elapsed_s": 1369.4413622167574,
  "validation_passed": false,
  "input_tokens": 3562410,
  "output_tokens": 34357,
  "total_tokens": 3596767,
  "stall_aborted": false,
  "gen_queue_wait_s": 0.00011587608605623245,
  "val_queue_wait_s": 10400.912914867047
}