{
  "iter": 3,
  "opencode_elapsed_s": 81.148031235,
  "validation_elapsed_s": 180.00180084677413,
  "total_elapsed_s": 261.14983208177415,
  "validation_passed": false,
  "input_tokens": 82192,
  "output_tokens": 2015,
  "total_tokens": 283978,
  "stall_aborted": false,
  "gen_queue_wait_s": 0.0001615411601960659,
  "val_queue_wait_s": 2304.4013897953555
}