{
  "iter": 5,
  "opencode_elapsed_s": 215.03030467,
  "validation_elapsed_s": 363.72412426793016,
  "total_elapsed_s": 578.7544289379301,
  "validation_passed": true,
  "input_tokens": 106883,
  "output_tokens": 11889,
  "total_tokens": 1077454,
  "stall_aborted": false,
  "gen_queue_wait_s": 9.45008359849453e-05,
  "val_queue_wait_s": 4865.971252999967
}