{
  "iter": 4,
  "opencode_elapsed_s": 1326.805572033,
  "validation_elapsed_s": 346.62170364614576,
  "total_elapsed_s": 1673.4272756791459,
  "validation_passed": false,
  "input_tokens": 10871407,
  "output_tokens": 65083,
  "total_tokens": 10936490,
  "stall_aborted": false,
  "gen_queue_wait_s": 0.00016649998724460602,
  "val_queue_wait_s": 2014.7144797639921
}