{
  "iter": 6,
  "opencode_elapsed_s": 313.50148344,
  "validation_elapsed_s": 122.89796121884137,
  "total_elapsed_s": 436.3994446588414,
  "validation_passed": false,
  "input_tokens": 136032,
  "output_tokens": 5817,
  "total_tokens": 2435466,
  "stall_aborted": false,
  "gen_queue_wait_s": 0.00019654189236462116,
  "val_queue_wait_s": 5032.3327046469785
}