{
  "elapsed_s": 91.22965660085902,
  "perturbation_seed": 1550732326,
  "perturbation_value": 2.0336429463815384,
  "output_file_name": "validation_output.bin"
}