{
  "iter": 1,
  "opencode_elapsed_s": 1610.058676481,
  "validation_elapsed_s": 375.0944380760193,
  "total_elapsed_s": 1985.1531145570193,
  "validation_passed": false,
  "input_tokens": 19437498,
  "output_tokens": 78458,
  "total_tokens": 19515956,
  "stall_aborted": false,
  "gen_queue_wait_s": 1693.8138560617808,
  "val_queue_wait_s": 5620.141467540059
}