{
  "iter": 9,
  "opencode_elapsed_s": 395.453612566,
  "validation_elapsed_s": 195.25769014190882,
  "total_elapsed_s": 590.7113027079088,
  "validation_passed": false,
  "input_tokens": 124647,
  "output_tokens": 7955,
  "total_tokens": 2679730,
  "stall_aborted": false,
  "gen_queue_wait_s": 0.00019821012392640114,
  "val_queue_wait_s": 3783.670315426076
}