{
  "iter": 1,
  "opencode_elapsed_s": 203.553834438,
  "validation_elapsed_s": 129.5466501857154,
  "total_elapsed_s": 333.1004846237154,
  "validation_passed": false,
  "input_tokens": 635513,
  "output_tokens": 7924,
  "total_tokens": 1600244,
  "stall_aborted": false,
  "gen_queue_wait_s": 435.6850211089477,
  "val_queue_wait_s": 1626.6111067626625
}