{
  "iter": 2,
  "opencode_elapsed_s": 199.708785295,
  "validation_elapsed_s": 281.7626782231964,
  "total_elapsed_s": 481.4714635181964,
  "validation_passed": false,
  "input_tokens": 340441,
  "output_tokens": 5255,
  "total_tokens": 1052989,
  "stall_aborted": false,
  "gen_queue_wait_s": 9.174877777695656e-05,
  "val_queue_wait_s": 5255.552927535027
}