{
  "elapsed_s": 79.73947676899843,
  "perturbation_seed": 1777045904,
  "perturbation_value": 1.9507454633964392,
  "output_file_name": "validation_output.bin"
}