{
  "elapsed_s": 81.9357937660534,
  "perturbation_seed": 244933685,
  "perturbation_value": 1.9732657668287463,
  "output_file_name": "validation_output.bin"
}