{
  "iter": 1,
  "opencode_elapsed_s": 320.274152994,
  "validation_elapsed_s": 347.29859896190464,
  "total_elapsed_s": 667.5727519559047,
  "validation_passed": false,
  "input_tokens": 828345,
  "output_tokens": 12408,
  "total_tokens": 2710520,
  "stall_aborted": false,
  "gen_queue_wait_s": 279.3852900462225,
  "val_queue_wait_s": 295.98260335158557
}