{
  "iter": 2,
  "opencode_elapsed_s": 180.732851505,
  "validation_elapsed_s": 375.42076157592237,
  "total_elapsed_s": 556.1536130809224,
  "validation_passed": false,
  "input_tokens": 389666,
  "output_tokens": 5551,
  "total_tokens": 1077300,
  "stall_aborted": false,
  "gen_queue_wait_s": 952.7281111448538,
  "val_queue_wait_s": 4407.284965231083
}