{
  "iter": 1,
  "opencode_elapsed_s": 207.786859274,
  "validation_elapsed_s": 154.11589670693502,
  "total_elapsed_s": 361.902755980935,
  "validation_passed": false,
  "input_tokens": 530100,
  "output_tokens": 10784,
  "total_tokens": 2514176,
  "stall_aborted": false,
  "gen_queue_wait_s": 450.02373645594344,
  "val_queue_wait_s": 587.1599295209162
}