{
  "iter": 1,
  "opencode_elapsed_s": 265.354981899,
  "validation_elapsed_s": 640.5533693290781,
  "total_elapsed_s": 905.9083512280781,
  "validation_passed": true,
  "input_tokens": 389758,
  "output_tokens": 8992,
  "total_tokens": 1563022,
  "stall_aborted": false,
  "gen_queue_wait_s": 880.7964585160371,
  "val_queue_wait_s": 1498.5928936719429
}