{
  "iter": 1,
  "opencode_elapsed_s": 846.389850616,
  "validation_elapsed_s": 378.8993860799819,
  "total_elapsed_s": 1225.2892366959818,
  "validation_passed": false,
  "input_tokens": 3918737,
  "output_tokens": 17186,
  "total_tokens": 3935923,
  "stall_aborted": false,
  "gen_queue_wait_s": 0.0014519616961479187,
  "val_queue_wait_s": 505.1769861881621
}