{
  "iter": 5,
  "opencode_elapsed_s": 147.946358919,
  "validation_elapsed_s": 465.77807594975457,
  "total_elapsed_s": 613.7244348687545,
  "validation_passed": false,
  "input_tokens": 102238,
  "output_tokens": 4717,
  "total_tokens": 695335,
  "stall_aborted": false,
  "gen_queue_wait_s": 0.00017545977607369423,
  "val_queue_wait_s": 5791.818952195346
}