{
  "iter": 10,
  "opencode_elapsed_s": 2809.537335157,
  "validation_elapsed_s": 317.0539709208533,
  "total_elapsed_s": 3126.5913060778535,
  "validation_passed": true,
  "input_tokens": 54264317,
  "output_tokens": 113225,
  "total_tokens": 54377542,
  "stall_aborted": false,
  "gen_queue_wait_s": 7.333280518651009e-05,
  "val_queue_wait_s": 0.0001249168999493122
}