{
  "iter": 10,
  "opencode_elapsed_s": 125.121177435,
  "validation_elapsed_s": 430.7584395899903,
  "total_elapsed_s": 555.8796170249904,
  "validation_passed": false,
  "input_tokens": 118333,
  "output_tokens": 4889,
  "total_tokens": 1515280,
  "stall_aborted": false,
  "gen_queue_wait_s": 8.00001434981823e-05,
  "val_queue_wait_s": 1573.7039203031454
}