{
  "iter": 3,
  "opencode_elapsed_s": 1416.363568783,
  "validation_elapsed_s": 900.0012141889893,
  "total_elapsed_s": 2316.3647829719894,
  "validation_passed": false,
  "input_tokens": 11770744,
  "output_tokens": 66754,
  "total_tokens": 11837498,
  "stall_aborted": false,
  "gen_queue_wait_s": 0.00015658512711524963,
  "val_queue_wait_s": 13512.311196980067
}