{
  "iter": 1,
  "opencode_elapsed_s": 194.158462048,
  "validation_elapsed_s": 378.9460658938624,
  "total_elapsed_s": 573.1045279418624,
  "validation_passed": false,
  "input_tokens": 477439,
  "output_tokens": 8058,
  "total_tokens": 1755036,
  "stall_aborted": false,
  "gen_queue_wait_s": 0.002223414136096835,
  "val_queue_wait_s": 0.00018979818560183048
}