{
  "iter": 1,
  "opencode_elapsed_s": 322.140587807,
  "validation_elapsed_s": 900.0008128569461,
  "total_elapsed_s": 1222.1414006639461,
  "validation_passed": false,
  "input_tokens": 724700,
  "output_tokens": 13416,
  "total_tokens": 3871250,
  "stall_aborted": false,
  "gen_queue_wait_s": 0.0010991771705448627,
  "val_queue_wait_s": 612.6507565421052
}