{
  "iter": 10,
  "opencode_elapsed_s": 212.295126438,
  "validation_elapsed_s": 367.140956009971,
  "total_elapsed_s": 579.436082447971,
  "validation_passed": true,
  "input_tokens": 154050,
  "output_tokens": 9193,
  "total_tokens": 2812028,
  "stall_aborted": false,
  "gen_queue_wait_s": 6.779399700462818e-05,
  "val_queue_wait_s": 433.8275512238033
}