{
  "iter": 2,
  "opencode_elapsed_s": 194.828889847,
  "validation_elapsed_s": 520.0539691722952,
  "total_elapsed_s": 714.8828590192952,
  "validation_passed": true,
  "input_tokens": 1104677,
  "output_tokens": 8622,
  "total_tokens": 1113299,
  "stall_aborted": false,
  "gen_queue_wait_s": 0.00019200192764401436,
  "val_queue_wait_s": 5820.986186991911
}