{
  "iter": 2,
  "opencode_elapsed_s": 341.509554863,
  "validation_elapsed_s": 467.243540244177,
  "total_elapsed_s": 808.7530951071769,
  "validation_passed": true,
  "input_tokens": 2051713,
  "output_tokens": 14217,
  "total_tokens": 2065930,
  "stall_aborted": false,
  "gen_queue_wait_s": 0.00033592013642191887,
  "val_queue_wait_s": 7244.22570115421
}