{
  "iter": 1,
  "opencode_elapsed_s": 284.492425919,
  "validation_elapsed_s": 267.14537863014266,
  "total_elapsed_s": 551.6378045491426,
  "validation_passed": false,
  "input_tokens": 417854,
  "output_tokens": 12309,
  "total_tokens": 3776786,
  "stall_aborted": false,
  "gen_queue_wait_s": 0.0017649850342422724,
  "val_queue_wait_s": 179.06422796892002
}