{
  "elapsed_s": 144.19911492289975,
  "perturbation_seed": 1483565182,
  "perturbation_value": 0.23454830162433687,
  "output_file_name": "validation_output.bin"
}