{
  "iter": 1,
  "opencode_elapsed_s": 193.482969284,
  "validation_elapsed_s": 189.03038112213835,
  "total_elapsed_s": 382.51335040613833,
  "validation_passed": false,
  "input_tokens": 715141,
  "output_tokens": 11104,
  "total_tokens": 2696722,
  "stall_aborted": false,
  "gen_queue_wait_s": 256.2709433082491,
  "val_queue_wait_s": 258.9706130293198
}