{
  "iter": 1,
  "opencode_elapsed_s": 325.406833887,
  "validation_elapsed_s": 325.7016946570948,
  "total_elapsed_s": 651.1085285440947,
  "validation_passed": false,
  "input_tokens": 846570,
  "output_tokens": 11829,
  "total_tokens": 3903584,
  "stall_aborted": false,
  "gen_queue_wait_s": 1706.5509190750308,
  "val_queue_wait_s": 4031.1069102929905
}