{
  "iter": 3,
  "opencode_elapsed_s": 140.930165768,
  "validation_elapsed_s": 285.1065241796896,
  "total_elapsed_s": 426.0366899476896,
  "validation_passed": false,
  "input_tokens": 133373,
  "output_tokens": 4059,
  "total_tokens": 474460,
  "stall_aborted": false,
  "gen_queue_wait_s": 0.0,
  "val_queue_wait_s": 1791.5095468130894
}