{
  "iter": 9,
  "opencode_elapsed_s": 113.532823086,
  "validation_elapsed_s": 404.99587592692114,
  "total_elapsed_s": 518.5286990129212,
  "validation_passed": false,
  "input_tokens": 82329,
  "output_tokens": 5465,
  "total_tokens": 888018,
  "stall_aborted": false,
  "gen_queue_wait_s": 0.00022096093744039536,
  "val_queue_wait_s": 3850.230593343964
}