{
  "iter": 1,
  "opencode_elapsed_s": 306.188713789,
  "validation_elapsed_s": 397.42784986505285,
  "total_elapsed_s": 703.6165636540529,
  "validation_passed": false,
  "input_tokens": 1121651,
  "output_tokens": 14808,
  "total_tokens": 4451128,
  "stall_aborted": false,
  "gen_queue_wait_s": 442.8988624410704,
  "val_queue_wait_s": 650.3817322421819
}