{
  "iter": 9,
  "opencode_elapsed_s": 273.236283541,
  "validation_elapsed_s": 412.0800713519566,
  "total_elapsed_s": 685.3163548929565,
  "validation_passed": false,
  "input_tokens": 172837,
  "output_tokens": 9091,
  "total_tokens": 2001683,
  "stall_aborted": false,
  "gen_queue_wait_s": 0.00019729509949684143,
  "val_queue_wait_s": 5571.779041825794
}