{
  "iter": 7,
  "opencode_elapsed_s": 293.942549706,
  "validation_elapsed_s": 120.11993617517874,
  "total_elapsed_s": 414.06248588117876,
  "validation_passed": false,
  "input_tokens": 405407,
  "output_tokens": 6682,
  "total_tokens": 1802202,
  "stall_aborted": false,
  "gen_queue_wait_s": 7.029296830296516e-05,
  "val_queue_wait_s": 3778.7801999030635
}