{
  "iter": 10,
  "opencode_elapsed_s": 89.772785187,
  "validation_elapsed_s": 403.7673262329772,
  "total_elapsed_s": 493.5401114199772,
  "validation_passed": false,
  "input_tokens": 55855,
  "output_tokens": 4785,
  "total_tokens": 453256,
  "stall_aborted": false,
  "gen_queue_wait_s": 0.0001740411389619112,
  "val_queue_wait_s": 1620.9557856111787
}