{
  "iter": 4,
  "opencode_elapsed_s": 607.416045904,
  "validation_elapsed_s": 451.93640366662294,
  "total_elapsed_s": 1059.3524495706229,
  "validation_passed": false,
  "input_tokens": 2903065,
  "output_tokens": 28786,
  "total_tokens": 2931851,
  "stall_aborted": false,
  "gen_queue_wait_s": 0.0001310841180384159,
  "val_queue_wait_s": 7510.750623906031
}