{
  "iter": 4,
  "opencode_elapsed_s": 294.715723753,
  "validation_elapsed_s": 481.17290525278077,
  "total_elapsed_s": 775.8886290057808,
  "validation_passed": true,
  "input_tokens": 1106570,
  "output_tokens": 12681,
  "total_tokens": 1119251,
  "stall_aborted": false,
  "gen_queue_wait_s": 0.000175457913428545,
  "val_queue_wait_s": 10251.203482721932
}