{
  "iter": 5,
  "opencode_elapsed_s": 703.78732729,
  "validation_elapsed_s": 690.0127900810912,
  "total_elapsed_s": 1393.8001173710913,
  "validation_passed": false,
  "input_tokens": 9464276,
  "output_tokens": 50907,
  "total_tokens": 9515183,
  "stall_aborted": false,
  "gen_queue_wait_s": 7.349997758865356e-05,
  "val_queue_wait_s": 4660.024189518765
}