{
  "iter": 3,
  "opencode_elapsed_s": 165.176780701,
  "validation_elapsed_s": 289.24179305136204,
  "total_elapsed_s": 454.418573752362,
  "validation_passed": false,
  "input_tokens": 90095,
  "output_tokens": 3780,
  "total_tokens": 391822,
  "stall_aborted": false,
  "gen_queue_wait_s": 0.0001913788728415966,
  "val_queue_wait_s": 1715.0333818150684
}