{
  "iter": 2,
  "opencode_elapsed_s": 164.087496519,
  "validation_elapsed_s": 408.0033929431811,
  "total_elapsed_s": 572.0908894621812,
  "validation_passed": false,
  "input_tokens": 1350148,
  "output_tokens": 6580,
  "total_tokens": 1356728,
  "stall_aborted": false,
  "gen_queue_wait_s": 1950.3381097372621,
  "val_queue_wait_s": 7615.64547122689
}