{
  "iter": 4,
  "opencode_elapsed_s": 716.523589373,
  "validation_elapsed_s": 191.70194667205215,
  "total_elapsed_s": 908.2255360450522,
  "validation_passed": false,
  "input_tokens": 11842801,
  "output_tokens": 45332,
  "total_tokens": 11888133,
  "stall_aborted": false,
  "gen_queue_wait_s": 0.00013724993914365768,
  "val_queue_wait_s": 4631.4944843552075
}