{
  "iter": 8,
  "opencode_elapsed_s": 242.147783756,
  "validation_elapsed_s": 360.0565621936694,
  "total_elapsed_s": 602.2043459496693,
  "validation_passed": false,
  "input_tokens": 1743887,
  "output_tokens": 16521,
  "total_tokens": 1760408,
  "stall_aborted": false,
  "gen_queue_wait_s": 0.00021808361634612083,
  "val_queue_wait_s": 2931.6220972910523
}