{
  "iter": 1,
  "opencode_elapsed_s": 432.385991096,
  "validation_elapsed_s": 569.919884015806,
  "total_elapsed_s": 1002.305875111806,
  "validation_passed": false,
  "input_tokens": 5067876,
  "output_tokens": 24307,
  "total_tokens": 5092183,
  "stall_aborted": false,
  "gen_queue_wait_s": 891.9452473847196,
  "val_queue_wait_s": 6421.343229671009
}