{
  "iter": 4,
  "opencode_elapsed_s": 602.255862713,
  "validation_elapsed_s": 468.464242127724,
  "total_elapsed_s": 1070.7201048407242,
  "validation_passed": true,
  "input_tokens": 129024,
  "output_tokens": 2062,
  "total_tokens": 207767,
  "stall_aborted": false,
  "gen_queue_wait_s": 0.0001265830360352993,
  "val_queue_wait_s": 3145.4331936161034
}