{
  "iter": 7,
  "opencode_elapsed_s": 286.341814518,
  "validation_elapsed_s": 602.7976937498897,
  "total_elapsed_s": 889.1395082678897,
  "validation_passed": false,
  "input_tokens": 170967,
  "output_tokens": 6116,
  "total_tokens": 1350034,
  "stall_aborted": false,
  "gen_queue_wait_s": 7.541687227785587e-05,
  "val_queue_wait_s": 3460.600702899974
}