{
  "iter": 3,
  "opencode_elapsed_s": 166.191236734,
  "validation_elapsed_s": 487.81593441287987,
  "total_elapsed_s": 654.0071711468798,
  "validation_passed": false,
  "input_tokens": 61019,
  "output_tokens": 3595,
  "total_tokens": 638430,
  "stall_aborted": false,
  "gen_queue_wait_s": 0.00020537595264613628,
  "val_queue_wait_s": 8443.184535766952
}