{
  "iter": 6,
  "opencode_elapsed_s": 386.350459099,
  "validation_elapsed_s": 120.59069708781317,
  "total_elapsed_s": 506.94115618681315,
  "validation_passed": false,
  "input_tokens": 431032,
  "output_tokens": 8057,
  "total_tokens": 2624482,
  "stall_aborted": false,
  "gen_queue_wait_s": 0.00014633173123002052,
  "val_queue_wait_s": 4183.325661721174
}