{
  "iter": 9,
  "opencode_elapsed_s": 379.000149965,
  "validation_elapsed_s": 268.9935137247667,
  "total_elapsed_s": 647.9936636897667,
  "validation_passed": false,
  "input_tokens": 2674400,
  "output_tokens": 29732,
  "total_tokens": 2704132,
  "stall_aborted": false,
  "gen_queue_wait_s": 0.0001860838383436203,
  "val_queue_wait_s": 718.4367131227627
}