{
  "iter": 2,
  "opencode_elapsed_s": 168.908952713,
  "validation_elapsed_s": 388.828955037985,
  "total_elapsed_s": 557.737907750985,
  "validation_passed": false,
  "input_tokens": 81423,
  "output_tokens": 4629,
  "total_tokens": 739728,
  "stall_aborted": false,
  "gen_queue_wait_s": 0.0001644589938223362,
  "val_queue_wait_s": 144.64891090476885
}