{
  "iter": 1,
  "opencode_elapsed_s": 773.666903257,
  "validation_elapsed_s": 630.1682661958039,
  "total_elapsed_s": 1403.8351694528037,
  "validation_passed": false,
  "input_tokens": 5571317,
  "output_tokens": 25105,
  "total_tokens": 5596422,
  "stall_aborted": false,
  "gen_queue_wait_s": 3593.330412216019,
  "val_queue_wait_s": 3277.5470667681657
}