{
  "iter": 3,
  "opencode_elapsed_s": 486.400307178,
  "validation_elapsed_s": 476.9061484592967,
  "total_elapsed_s": 963.3064556372967,
  "validation_passed": false,
  "input_tokens": 7429283,
  "output_tokens": 28954,
  "total_tokens": 7458237,
  "stall_aborted": false,
  "gen_queue_wait_s": 0.00016420893371105194,
  "val_queue_wait_s": 8067.558065997902
}