{
  "iter": 5,
  "opencode_elapsed_s": 274.003249884,
  "validation_elapsed_s": 287.94897965621203,
  "total_elapsed_s": 561.9522295402121,
  "validation_passed": false,
  "input_tokens": 118109,
  "output_tokens": 6470,
  "total_tokens": 1185073,
  "stall_aborted": false,
  "gen_queue_wait_s": 7.22086988389492e-05,
  "val_queue_wait_s": 5912.6565337437205
}