{
  "iter": 2,
  "opencode_elapsed_s": 358.926517487,
  "validation_elapsed_s": 356.55744799412787,
  "total_elapsed_s": 715.4839654811278,
  "validation_passed": false,
  "input_tokens": 4997544,
  "output_tokens": 16831,
  "total_tokens": 5014375,
  "stall_aborted": false,
  "gen_queue_wait_s": 63.96480000205338,
  "val_queue_wait_s": 7106.62554970989
}