{
  "iter": 10,
  "opencode_elapsed_s": 580.09705472,
  "validation_elapsed_s": 392.43868565931916,
  "total_elapsed_s": 972.5357403793191,
  "validation_passed": false,
  "input_tokens": 4396951,
  "output_tokens": 27570,
  "total_tokens": 4424521,
  "stall_aborted": false,
  "gen_queue_wait_s": 6.49583525955677e-05,
  "val_queue_wait_s": 9.804172441363335e-05
}