{
  "iter": 8,
  "opencode_elapsed_s": 137.711592436,
  "validation_elapsed_s": 392.45126129873097,
  "total_elapsed_s": 530.162853734731,
  "validation_passed": false,
  "input_tokens": 77677,
  "output_tokens": 5768,
  "total_tokens": 713080,
  "stall_aborted": false,
  "gen_queue_wait_s": 0.00019729090854525566,
  "val_queue_wait_s": 847.9714688612148
}