{
  "elapsed_s": 82.47809362690896,
  "perturbation_seed": 553195738,
  "perturbation_value": 2.017444872518462,
  "output_file_name": "validation_output.bin"
}