{
  "iter": 5,
  "opencode_elapsed_s": 823.230259418,
  "validation_elapsed_s": 438.4761156491004,
  "total_elapsed_s": 1261.7063750671005,
  "validation_passed": false,
  "input_tokens": 139482,
  "output_tokens": 4196,
  "total_tokens": 637498,
  "stall_aborted": false,
  "gen_queue_wait_s": 0.00014699995517730713,
  "val_queue_wait_s": 5376.407040857244
}