{
  "iter": 5,
  "opencode_elapsed_s": 979.373479128,
  "validation_elapsed_s": 900.0024093072861,
  "total_elapsed_s": 1879.375888435286,
  "validation_passed": false,
  "input_tokens": 12489622,
  "output_tokens": 67741,
  "total_tokens": 12557363,
  "stall_aborted": false,
  "gen_queue_wait_s": 0.0001716669648885727,
  "val_queue_wait_s": 3267.8584589487873
}