{
  "iter": 1,
  "opencode_elapsed_s": 1055.436297894,
  "validation_elapsed_s": 749.2274044333026,
  "total_elapsed_s": 1804.6637023273026,
  "validation_passed": false,
  "input_tokens": 5225296,
  "output_tokens": 18040,
  "total_tokens": 5243336,
  "stall_aborted": false,
  "gen_queue_wait_s": 1672.601848070044,
  "val_queue_wait_s": 4367.654905600008
}