{
  "iter": 3,
  "opencode_elapsed_s": 154.738099575,
  "validation_elapsed_s": 374.54370685713366,
  "total_elapsed_s": 529.2818064321336,
  "validation_passed": false,
  "input_tokens": 135165,
  "output_tokens": 5072,
  "total_tokens": 1588129,
  "stall_aborted": false,
  "gen_queue_wait_s": 0.0,
  "val_queue_wait_s": 3749.262563488912
}