{
  "iter": 6,
  "opencode_elapsed_s": 337.777115583,
  "validation_elapsed_s": 390.5163506558165,
  "total_elapsed_s": 728.2934662388166,
  "validation_passed": false,
  "input_tokens": 352691,
  "output_tokens": 11753,
  "total_tokens": 2712763,
  "stall_aborted": false,
  "gen_queue_wait_s": 0.00019728997722268105,
  "val_queue_wait_s": 258.1974496236071
}