{
  "iter": 1,
  "opencode_elapsed_s": 364.816861153,
  "validation_elapsed_s": 153.73436888912693,
  "total_elapsed_s": 518.5512300421269,
  "validation_passed": false,
  "input_tokens": 2610197,
  "output_tokens": 16965,
  "total_tokens": 2627162,
  "stall_aborted": false,
  "gen_queue_wait_s": 892.6677448539995,
  "val_queue_wait_s": 3569.0718755559064
}