{
  "iter": 1,
  "opencode_elapsed_s": 189.878057718,
  "validation_elapsed_s": 596.0616744798608,
  "total_elapsed_s": 785.9397321978608,
  "validation_passed": false,
  "input_tokens": 1543123,
  "output_tokens": 11640,
  "total_tokens": 1554763,
  "stall_aborted": false,
  "gen_queue_wait_s": 1205.1554533662274,
  "val_queue_wait_s": 6921.430387753993
}