{
  "iter": 8,
  "opencode_elapsed_s": 196.024904251,
  "validation_elapsed_s": 359.629933541175,
  "total_elapsed_s": 555.6548377921749,
  "validation_passed": false,
  "input_tokens": 75380,
  "output_tokens": 3568,
  "total_tokens": 733798,
  "stall_aborted": false,
  "gen_queue_wait_s": 0.0001615826040506363,
  "val_queue_wait_s": 168.9667687569745
}