{
  "iter": 6,
  "opencode_elapsed_s": 305.916055679,
  "validation_elapsed_s": 342.5006445001345,
  "total_elapsed_s": 648.4167001791345,
  "validation_passed": false,
  "input_tokens": 539076,
  "output_tokens": 12127,
  "total_tokens": 3001379,
  "stall_aborted": false,
  "gen_queue_wait_s": 0.0001682050060480833,
  "val_queue_wait_s": 1536.7586467070505
}