{
  "iter": 8,
  "opencode_elapsed_s": 198.053798914,
  "validation_elapsed_s": 429.6560324640013,
  "total_elapsed_s": 627.7098313780014,
  "validation_passed": false,
  "input_tokens": 90068,
  "output_tokens": 4567,
  "total_tokens": 714300,
  "stall_aborted": false,
  "gen_queue_wait_s": 0.00015220791101455688,
  "val_queue_wait_s": 3772.176373010967
}