{
  "iter": 5,
  "opencode_elapsed_s": 559.669226408,
  "validation_elapsed_s": 623.9041204736568,
  "total_elapsed_s": 1183.5733468816568,
  "validation_passed": false,
  "input_tokens": 315958,
  "output_tokens": 7395,
  "total_tokens": 1731738,
  "stall_aborted": false,
  "gen_queue_wait_s": 0.00016925111413002014,
  "val_queue_wait_s": 3090.0840085023083
}