{
  "iter": 5,
  "opencode_elapsed_s": 1337.210278749,
  "validation_elapsed_s": 280.6497620418668,
  "total_elapsed_s": 1617.8600407908668,
  "validation_passed": false,
  "input_tokens": 5136492,
  "output_tokens": 73183,
  "total_tokens": 5209675,
  "stall_aborted": false,
  "gen_queue_wait_s": 0.000204416923224926,
  "val_queue_wait_s": 1426.0657438416965
}