{
  "iter": 2,
  "opencode_elapsed_s": 306.026644707,
  "validation_elapsed_s": 412.45938934595324,
  "total_elapsed_s": 718.4860340529533,
  "validation_passed": false,
  "input_tokens": 151591,
  "output_tokens": 12319,
  "total_tokens": 2372557,
  "stall_aborted": false,
  "gen_queue_wait_s": 0.00017300015315413475,
  "val_queue_wait_s": 5526.572489283979
}