{
  "iter": 9,
  "opencode_elapsed_s": 211.03563714,
  "validation_elapsed_s": 387.14091885089874,
  "total_elapsed_s": 598.1765559908988,
  "validation_passed": false,
  "input_tokens": 132384,
  "output_tokens": 6922,
  "total_tokens": 2029767,
  "stall_aborted": false,
  "gen_queue_wait_s": 0.0001929192803800106,
  "val_queue_wait_s": 964.1730340612121
}