{
  "iter": 3,
  "opencode_elapsed_s": 409.338143587,
  "validation_elapsed_s": 360.92057738709264,
  "total_elapsed_s": 770.2587209740926,
  "validation_passed": false,
  "input_tokens": 3302732,
  "output_tokens": 17510,
  "total_tokens": 3320242,
  "stall_aborted": false,
  "gen_queue_wait_s": 0.0001827930100262165,
  "val_queue_wait_s": 856.0785992369056
}