{
  "iter": 1,
  "opencode_elapsed_s": 355.297912836,
  "validation_elapsed_s": 84.71097192401066,
  "total_elapsed_s": 440.0088847600107,
  "validation_passed": false,
  "input_tokens": 4112418,
  "output_tokens": 21921,
  "total_tokens": 4134339,
  "stall_aborted": false,
  "gen_queue_wait_s": 1324.927141551394,
  "val_queue_wait_s": 7231.499376970809
}