{
  "iter": 5,
  "opencode_elapsed_s": 196.730957508,
  "validation_elapsed_s": 387.48706813016906,
  "total_elapsed_s": 584.218025638169,
  "validation_passed": false,
  "input_tokens": 275050,
  "output_tokens": 5178,
  "total_tokens": 2759351,
  "stall_aborted": false,
  "gen_queue_wait_s": 7.629184983670712e-05,
  "val_queue_wait_s": 1604.3311621381436
}