{
  "iter": 10,
  "opencode_elapsed_s": 413.001959324,
  "validation_elapsed_s": 900.0019505289383,
  "total_elapsed_s": 1313.0039098529382,
  "validation_passed": false,
  "input_tokens": 4077535,
  "output_tokens": 27602,
  "total_tokens": 4105137,
  "stall_aborted": false,
  "gen_queue_wait_s": 7.324991747736931e-05,
  "val_queue_wait_s": 555.3949754121713
}