{
  "iter": 7,
  "opencode_elapsed_s": 242.403272629,
  "validation_elapsed_s": 436.9040927537717,
  "total_elapsed_s": 679.3073653827716,
  "validation_passed": false,
  "input_tokens": 155912,
  "output_tokens": 8480,
  "total_tokens": 1869022,
  "stall_aborted": false,
  "gen_queue_wait_s": 0.00019042007625102997,
  "val_queue_wait_s": 3518.1469718171284
}