{
  "iter": 9,
  "opencode_elapsed_s": 286.293581247,
  "validation_elapsed_s": 353.4222429469228,
  "total_elapsed_s": 639.7158241939228,
  "validation_passed": false,
  "input_tokens": 101678,
  "output_tokens": 4170,
  "total_tokens": 965638,
  "stall_aborted": false,
  "gen_queue_wait_s": 0.00018666591495275497,
  "val_queue_wait_s": 304.03189898701385
}