{
  "iter": 9,
  "opencode_elapsed_s": 825.626420975,
  "validation_elapsed_s": 388.10769934300333,
  "total_elapsed_s": 1213.7341203180033,
  "validation_passed": true,
  "input_tokens": 9463985,
  "output_tokens": 34610,
  "total_tokens": 9498595,
  "stall_aborted": false,
  "gen_queue_wait_s": 0.00022112485021352768,
  "val_queue_wait_s": 0.00013787485659122467
}