{
  "iter": 6,
  "opencode_elapsed_s": 349.58934927,
  "validation_elapsed_s": 355.1638847971335,
  "total_elapsed_s": 704.7532340671335,
  "validation_passed": false,
  "input_tokens": 244833,
  "output_tokens": 5755,
  "total_tokens": 1516597,
  "stall_aborted": false,
  "gen_queue_wait_s": 0.00017087580636143684,
  "val_queue_wait_s": 3565.234620558098
}