{
  "iter": 7,
  "opencode_elapsed_s": 1046.449958324,
  "validation_elapsed_s": 900.0020021148957,
  "total_elapsed_s": 1946.4519604388956,
  "validation_passed": false,
  "input_tokens": 13950940,
  "output_tokens": 79829,
  "total_tokens": 14030769,
  "stall_aborted": false,
  "gen_queue_wait_s": 0.00017154309898614883,
  "val_queue_wait_s": 1651.198609576095
}