{
  "iter": 1,
  "opencode_elapsed_s": 245.014415979,
  "validation_elapsed_s": 637.2732888502069,
  "total_elapsed_s": 882.2877048292069,
  "validation_passed": true,
  "input_tokens": 2692529,
  "output_tokens": 14343,
  "total_tokens": 2706872,
  "stall_aborted": false,
  "gen_queue_wait_s": 0.0019057332538068295,
  "val_queue_wait_s": 0.00010474910959601402
}