{
  "iter": 4,
  "opencode_elapsed_s": 156.961285353,
  "validation_elapsed_s": 285.56504132505506,
  "total_elapsed_s": 442.52632667805506,
  "validation_passed": true,
  "input_tokens": 1167732,
  "output_tokens": 6107,
  "total_tokens": 1173839,
  "stall_aborted": false,
  "gen_queue_wait_s": 0.00025804201140999794,
  "val_queue_wait_s": 1111.0313519039191
}