{
  "iter": 1,
  "opencode_elapsed_s": 371.147074699,
  "validation_elapsed_s": 245.41044970508665,
  "total_elapsed_s": 616.5575244040866,
  "validation_passed": false,
  "input_tokens": 794110,
  "output_tokens": 13355,
  "total_tokens": 4574010,
  "stall_aborted": false,
  "gen_queue_wait_s": 216.19862577295862,
  "val_queue_wait_s": 383.94343856116757
}