{
  "iter": 6,
  "opencode_elapsed_s": 3156.964200258,
  "validation_elapsed_s": 282.4119184887968,
  "total_elapsed_s": 3439.3761187467967,
  "validation_passed": false,
  "input_tokens": 4821615,
  "output_tokens": 39849,
  "total_tokens": 4861464,
  "stall_aborted": false,
  "gen_queue_wait_s": 0.0002129189670085907,
  "val_queue_wait_s": 873.1107980171219
}