{
  "iter": 8,
  "opencode_elapsed_s": 57.559013128,
  "validation_elapsed_s": 263.23278138018213,
  "total_elapsed_s": 320.79179450818214,
  "validation_passed": false,
  "input_tokens": 86586,
  "output_tokens": 2692,
  "total_tokens": 276126,
  "stall_aborted": false,
  "gen_queue_wait_s": 0.00018195714801549911,
  "val_queue_wait_s": 658.4123439218383
}