{
  "iter": 9,
  "opencode_elapsed_s": 1558.047892809,
  "validation_elapsed_s": 353.8496540947817,
  "total_elapsed_s": 1911.8975469037816,
  "validation_passed": false,
  "input_tokens": 21533850,
  "output_tokens": 99348,
  "total_tokens": 21633198,
  "stall_aborted": false,
  "gen_queue_wait_s": 0.0002450430765748024,
  "val_queue_wait_s": 1736.434025731869
}