{
  "iter": 2,
  "opencode_elapsed_s": 286.426809311,
  "validation_elapsed_s": 484.41515573719516,
  "total_elapsed_s": 770.8419650481951,
  "validation_passed": false,
  "input_tokens": 2120835,
  "output_tokens": 18326,
  "total_tokens": 2139161,
  "stall_aborted": false,
  "gen_queue_wait_s": 0.0,
  "val_queue_wait_s": 1662.0255383490585
}