{
  "iter": 1,
  "opencode_elapsed_s": 2504.194705963,
  "validation_elapsed_s": 88.30428523290902,
  "total_elapsed_s": 2592.498991195909,
  "validation_passed": false,
  "input_tokens": 21580645,
  "output_tokens": 65268,
  "total_tokens": 21645913,
  "stall_aborted": false,
  "gen_queue_wait_s": 2036.2890431629494,
  "val_queue_wait_s": 3734.139576006215
}