{
  "iter": 4,
  "opencode_elapsed_s": 132.297088385,
  "validation_elapsed_s": 400.5539694991894,
  "total_elapsed_s": 532.8510578841895,
  "validation_passed": false,
  "input_tokens": 145286,
  "output_tokens": 3926,
  "total_tokens": 827214,
  "stall_aborted": false,
  "gen_queue_wait_s": 0.0001640859991312027,
  "val_queue_wait_s": 1261.2872567139566
}