{
  "iter": 3,
  "opencode_elapsed_s": 1224.927392483,
  "validation_elapsed_s": 437.15056599024683,
  "total_elapsed_s": 1662.0779584732468,
  "validation_passed": false,
  "input_tokens": 8783983,
  "output_tokens": 53387,
  "total_tokens": 8837370,
  "stall_aborted": false,
  "gen_queue_wait_s": 0.0001966678537428379,
  "val_queue_wait_s": 11174.82461266499
}