{
  "elapsed_s": 64.70503657194786,
  "perturbation_seed": 1502009412,
  "perturbation_value": 0.10039376369273048,
  "output_file_name": "validation_output.bin"
}