{
  "iter": 8,
  "opencode_elapsed_s": 2236.419803143,
  "validation_elapsed_s": 424.8647779561579,
  "total_elapsed_s": 2661.284581099158,
  "validation_passed": false,
  "input_tokens": 20393343,
  "output_tokens": 87420,
  "total_tokens": 20480763,
  "stall_aborted": false,
  "gen_queue_wait_s": 0.0002099587582051754,
  "val_queue_wait_s": 160.31251107808203
}