{
  "iter": 1,
  "opencode_elapsed_s": 534.66900897,
  "validation_elapsed_s": 146.29420451982878,
  "total_elapsed_s": 680.9632134898288,
  "validation_passed": false,
  "input_tokens": 5034906,
  "output_tokens": 24351,
  "total_tokens": 5059257,
  "stall_aborted": false,
  "gen_queue_wait_s": 0.002874064026400447,
  "val_queue_wait_s": 6805.06098883599
}