{
  "iter": 1,
  "opencode_elapsed_s": 782.214640856,
  "validation_elapsed_s": 896.3374688238837,
  "total_elapsed_s": 1678.5521096798836,
  "validation_passed": false,
  "input_tokens": 10437890,
  "output_tokens": 47567,
  "total_tokens": 10485457,
  "stall_aborted": false,
  "gen_queue_wait_s": 540.8796665300615,
  "val_queue_wait_s": 5525.842968218029
}