{
  "iter": 2,
  "opencode_elapsed_s": 192.115535736,
  "validation_elapsed_s": 396.1170284289401,
  "total_elapsed_s": 588.2325641649401,
  "validation_passed": false,
  "input_tokens": 251758,
  "output_tokens": 7363,
  "total_tokens": 1586645,
  "stall_aborted": false,
  "gen_queue_wait_s": 0.00015779188834130764,
  "val_queue_wait_s": 1735.531255545793
}