{
  "iter": 4,
  "opencode_elapsed_s": 685.952172756,
  "validation_elapsed_s": 575.7171523431316,
  "total_elapsed_s": 1261.6693250991316,
  "validation_passed": false,
  "input_tokens": 4542483,
  "output_tokens": 31875,
  "total_tokens": 4574358,
  "stall_aborted": false,
  "gen_queue_wait_s": 0.00018925010226666927,
  "val_queue_wait_s": 3808.5309025140014
}