{
  "iter": 7,
  "opencode_elapsed_s": 186.858044863,
  "validation_elapsed_s": 380.5397731179837,
  "total_elapsed_s": 567.3978179809837,
  "validation_passed": false,
  "input_tokens": 208722,
  "output_tokens": 7124,
  "total_tokens": 1574126,
  "stall_aborted": false,
  "gen_queue_wait_s": 0.00020183390006422997,
  "val_queue_wait_s": 3465.9865972890984
}