{
  "iter": 2,
  "opencode_elapsed_s": 182.553661346,
  "validation_elapsed_s": 444.1613297527656,
  "total_elapsed_s": 626.7149910987656,
  "validation_passed": true,
  "input_tokens": 167782,
  "output_tokens": 5531,
  "total_tokens": 1272696,
  "stall_aborted": false,
  "gen_queue_wait_s": 0.0004147076979279518,
  "val_queue_wait_s": 5380.235245386604
}