{
  "iter": 4,
  "opencode_elapsed_s": 289.882871389,
  "validation_elapsed_s": 292.1614357549697,
  "total_elapsed_s": 582.0443071439697,
  "validation_passed": false,
  "input_tokens": 86191,
  "output_tokens": 7669,
  "total_tokens": 769699,
  "stall_aborted": false,
  "gen_queue_wait_s": 0.00017962325364351273,
  "val_queue_wait_s": 1986.4828618862666
}