{
  "elapsed_s": 62.988311853958294,
  "perturbation_seed": 908758840,
  "perturbation_value": 0.09976501989530964,
  "output_file_name": "validation_output.bin"
}