{
  "iter": 4,
  "opencode_elapsed_s": 500.280052423,
  "validation_elapsed_s": 247.76029298687354,
  "total_elapsed_s": 748.0403454098735,
  "validation_passed": false,
  "input_tokens": 1641869,
  "output_tokens": 15977,
  "total_tokens": 1657846,
  "stall_aborted": false,
  "gen_queue_wait_s": 0.00014070793986320496,
  "val_queue_wait_s": 10266.718635485973
}