{
  "iter": 6,
  "opencode_elapsed_s": 542.305483103,
  "validation_elapsed_s": 725.6672132718377,
  "total_elapsed_s": 1267.9726963748376,
  "validation_passed": false,
  "input_tokens": 289550,
  "output_tokens": 8172,
  "total_tokens": 2175454,
  "stall_aborted": false,
  "gen_queue_wait_s": 0.0001694168895483017,
  "val_queue_wait_s": 3309.45117256511
}