{
  "elapsed_s": 77.53636586293578,
  "perturbation_seed": 1449068170,
  "perturbation_value": 1.984176876260103e-05,
  "output_file_name": "validation_output.bin"
}