{
  "iter": 1,
  "opencode_elapsed_s": 331.785767794,
  "validation_elapsed_s": 82.94124940200709,
  "total_elapsed_s": 414.72701719600707,
  "validation_passed": false,
  "input_tokens": 452991,
  "output_tokens": 10461,
  "total_tokens": 2628202,
  "stall_aborted": false,
  "gen_queue_wait_s": 0.003173322882503271,
  "val_queue_wait_s": 241.4236947200261
}