{
  "iter": 1,
  "opencode_elapsed_s": 292.784758091,
  "validation_elapsed_s": 173.72962782089598,
  "total_elapsed_s": 466.514385911896,
  "validation_passed": true,
  "input_tokens": 385318,
  "output_tokens": 12175,
  "total_tokens": 1954928,
  "stall_aborted": false,
  "gen_queue_wait_s": 587.7537514269352,
  "val_queue_wait_s": 731.0506817800924
}