{
  "iter": 3,
  "opencode_elapsed_s": 129.825363159,
  "validation_elapsed_s": 196.5179968441371,
  "total_elapsed_s": 326.3433600031371,
  "validation_passed": false,
  "input_tokens": 91792,
  "output_tokens": 4806,
  "total_tokens": 999957,
  "stall_aborted": false,
  "gen_queue_wait_s": 0.000267538009211421,
  "val_queue_wait_s": 1796.7449240370188
}