{
  "iter": 10,
  "opencode_elapsed_s": 180.123577833,
  "validation_elapsed_s": 353.3050377438776,
  "total_elapsed_s": 533.4286155768776,
  "validation_passed": true,
  "input_tokens": 70589,
  "output_tokens": 4423,
  "total_tokens": 603188,
  "stall_aborted": false,
  "gen_queue_wait_s": 0.0002677915617823601,
  "val_queue_wait_s": 1760.7163396519609
}