{
  "iter": 8,
  "opencode_elapsed_s": 708.132386684,
  "validation_elapsed_s": 352.77099266974255,
  "total_elapsed_s": 1060.9033793537426,
  "validation_passed": false,
  "input_tokens": 8038669,
  "output_tokens": 48331,
  "total_tokens": 8087000,
  "stall_aborted": false,
  "gen_queue_wait_s": 0.00019304314628243446,
  "val_queue_wait_s": 2557.0139631316997
}