{
  "iter": 5,
  "opencode_elapsed_s": 185.658165216,
  "validation_elapsed_s": 124.65754367713816,
  "total_elapsed_s": 310.31570889313815,
  "validation_passed": false,
  "input_tokens": 130528,
  "output_tokens": 6848,
  "total_tokens": 2000832,
  "stall_aborted": false,
  "gen_queue_wait_s": 0.00019904505461454391,
  "val_queue_wait_s": 5369.205783720827
}