{
  "iter": 3,
  "opencode_elapsed_s": 252.83501935,
  "validation_elapsed_s": 440.82506146794185,
  "total_elapsed_s": 693.6600808179419,
  "validation_passed": true,
  "input_tokens": 1403118,
  "output_tokens": 10800,
  "total_tokens": 1413918,
  "stall_aborted": false,
  "gen_queue_wait_s": 0.00017508305609226227,
  "val_queue_wait_s": 3928.204531550873
}