{
  "iter": 10,
  "opencode_elapsed_s": 1012.967824459,
  "validation_elapsed_s": 95.29237979790196,
  "total_elapsed_s": 1108.260204256902,
  "validation_passed": false,
  "input_tokens": 5581682,
  "output_tokens": 53851,
  "total_tokens": 5635533,
  "stall_aborted": false,
  "gen_queue_wait_s": 5.3833238780498505e-05,
  "val_queue_wait_s": 7.554097101092339e-05
}