{
  "iter": 4,
  "opencode_elapsed_s": 369.953034401,
  "validation_elapsed_s": 203.6918167101685,
  "total_elapsed_s": 573.6448511111685,
  "validation_passed": false,
  "input_tokens": 164999,
  "output_tokens": 7252,
  "total_tokens": 2243540,
  "stall_aborted": false,
  "gen_queue_wait_s": 0.00019858195446431637,
  "val_queue_wait_s": 10807.79375824891
}