{
  "iter": 10,
  "opencode_elapsed_s": 193.826220751,
  "validation_elapsed_s": 198.57086188578978,
  "total_elapsed_s": 392.3970826367898,
  "validation_passed": false,
  "input_tokens": 164937,
  "output_tokens": 5577,
  "total_tokens": 1091545,
  "stall_aborted": false,
  "gen_queue_wait_s": 9.212596341967583e-05,
  "val_queue_wait_s": 817.920837067999
}