{
  "iter": 7,
  "opencode_elapsed_s": 1447.858127832,
  "validation_elapsed_s": 745.2932745069265,
  "total_elapsed_s": 2193.1514023389263,
  "validation_passed": false,
  "input_tokens": 9961405,
  "output_tokens": 64772,
  "total_tokens": 10026177,
  "stall_aborted": false,
  "gen_queue_wait_s": 0.00016850000247359276,
  "val_queue_wait_s": 281.56097550783306
}