{
  "iter": 1,
  "opencode_elapsed_s": 265.049099207,
  "validation_elapsed_s": 162.92444177391008,
  "total_elapsed_s": 427.97354098091006,
  "validation_passed": false,
  "input_tokens": 506623,
  "output_tokens": 9724,
  "total_tokens": 2352059,
  "stall_aborted": false,
  "gen_queue_wait_s": 0.0009401240386068821,
  "val_queue_wait_s": 9.083282202482224e-05
}