{
  "iter": 1,
  "opencode_elapsed_s": 337.722619057,
  "validation_elapsed_s": 164.59386662067845,
  "total_elapsed_s": 502.31648567767843,
  "validation_passed": true,
  "input_tokens": 4564864,
  "output_tokens": 20736,
  "total_tokens": 4585600,
  "stall_aborted": false,
  "gen_queue_wait_s": 245.201023533009,
  "val_queue_wait_s": 723.8030615071766
}