{
  "iter": 6,
  "opencode_elapsed_s": 686.551936388,
  "validation_elapsed_s": 262.3403906626627,
  "total_elapsed_s": 948.8923270506626,
  "validation_passed": false,
  "input_tokens": 10624801,
  "output_tokens": 44032,
  "total_tokens": 10668833,
  "stall_aborted": false,
  "gen_queue_wait_s": 0.00020620878785848618,
  "val_queue_wait_s": 3170.9344785027206
}