{
  "iter": 6,
  "opencode_elapsed_s": 165.398145437,
  "validation_elapsed_s": 483.6660415926017,
  "total_elapsed_s": 649.0641870296017,
  "validation_passed": false,
  "input_tokens": 854831,
  "output_tokens": 10153,
  "total_tokens": 864984,
  "stall_aborted": false,
  "gen_queue_wait_s": 0.0004209168255329132,
  "val_queue_wait_s": 3994.879755731672
}