{
  "iter": 2,
  "opencode_elapsed_s": 108.353132963,
  "validation_elapsed_s": 358.6947451750748,
  "total_elapsed_s": 467.0478781380748,
  "validation_passed": false,
  "input_tokens": 553767,
  "output_tokens": 4358,
  "total_tokens": 558125,
  "stall_aborted": false,
  "gen_queue_wait_s": 0.00019570998847484589,
  "val_queue_wait_s": 7030.326369189192
}