{
  "iter": 4,
  "opencode_elapsed_s": 162.377438545,
  "validation_elapsed_s": 195.4222464549821,
  "total_elapsed_s": 357.7996849999821,
  "validation_passed": false,
  "input_tokens": 260762,
  "output_tokens": 4724,
  "total_tokens": 865432,
  "stall_aborted": false,
  "gen_queue_wait_s": 7.170694880187511e-05,
  "val_queue_wait_s": 1344.0502941650338
}