{
  "iter": 1,
  "opencode_elapsed_s": 1717.945324183,
  "validation_elapsed_s": 93.09028238477185,
  "total_elapsed_s": 1811.0356065677718,
  "validation_passed": false,
  "input_tokens": 10934452,
  "output_tokens": 59086,
  "total_tokens": 10993538,
  "stall_aborted": false,
  "gen_queue_wait_s": 1875.2191870408133,
  "val_queue_wait_s": 3283.7545460239053
}