{
  "elapsed_s": 83.5456431969069,
  "perturbation_seed": 174118505,
  "perturbation_value": 2.030116899884474,
  "output_file_name": "validation_output.bin"
}