{
  "iter": 4,
  "opencode_elapsed_s": 896.48888278,
  "validation_elapsed_s": 249.68106116401032,
  "total_elapsed_s": 1146.1699439440104,
  "validation_passed": false,
  "input_tokens": 1547557,
  "output_tokens": 24122,
  "total_tokens": 1571679,
  "stall_aborted": false,
  "gen_queue_wait_s": 0.00018966710194945335,
  "val_queue_wait_s": 2808.204103724798
}