{
  "iter": 10,
  "opencode_elapsed_s": 321.956918001,
  "validation_elapsed_s": 224.75311836088076,
  "total_elapsed_s": 546.7100363618808,
  "validation_passed": false,
  "input_tokens": 193926,
  "output_tokens": 10954,
  "total_tokens": 2361573,
  "stall_aborted": false,
  "gen_queue_wait_s": 0.00020779110491275787,
  "val_queue_wait_s": 1764.281690832926
}