{
  "elapsed_s": 108.72122240602039,
  "perturbation_seed": 1281246758,
  "perturbation_value": 1.4069878017730735,
  "output_file_name": "validation_output.bin"
}