{
  "iter": 1,
  "opencode_elapsed_s": 913.711642742,
  "validation_elapsed_s": 90.64682996599004,
  "total_elapsed_s": 1004.35847270799,
  "validation_passed": false,
  "input_tokens": 666420,
  "output_tokens": 10951,
  "total_tokens": 3470946,
  "stall_aborted": false,
  "gen_queue_wait_s": 667.6931048850529,
  "val_queue_wait_s": 1984.7973757619038
}