{
  "iter": 1,
  "opencode_elapsed_s": 983.978587151,
  "validation_elapsed_s": 407.6783448122442,
  "total_elapsed_s": 1391.6569319632442,
  "validation_passed": false,
  "input_tokens": 4682705,
  "output_tokens": 19254,
  "total_tokens": 4701959,
  "stall_aborted": false,
  "gen_queue_wait_s": 2481.4215617231093,
  "val_queue_wait_s": 6942.495529573876
}