{
  "iter": 6,
  "opencode_elapsed_s": 154.292686939,
  "validation_elapsed_s": 195.78752440214157,
  "total_elapsed_s": 350.08021134114153,
  "validation_passed": false,
  "input_tokens": 229682,
  "output_tokens": 3830,
  "total_tokens": 830839,
  "stall_aborted": false,
  "gen_queue_wait_s": 7.246085442602634e-05,
  "val_queue_wait_s": 2176.518112396123
}