{
  "iter": 5,
  "opencode_elapsed_s": 2655.486264467,
  "validation_elapsed_s": 231.9988567768596,
  "total_elapsed_s": 2887.48512124386,
  "validation_passed": true,
  "input_tokens": 25890587,
  "output_tokens": 128133,
  "total_tokens": 26018720,
  "stall_aborted": false,
  "gen_queue_wait_s": 0.0001867092214524746,
  "val_queue_wait_s": 2034.389151440002
}