{
  "iter": 1,
  "opencode_elapsed_s": 785.467037201,
  "validation_elapsed_s": 397.1593277801294,
  "total_elapsed_s": 1182.6263649811294,
  "validation_passed": false,
  "input_tokens": 10074469,
  "output_tokens": 38459,
  "total_tokens": 10112928,
  "stall_aborted": false,
  "gen_queue_wait_s": 3304.19953279919,
  "val_queue_wait_s": 6324.413108837092
}