{
  "iter": 5,
  "opencode_elapsed_s": 184.902781963,
  "validation_elapsed_s": 556.2461079629138,
  "total_elapsed_s": 741.1488899259139,
  "validation_passed": false,
  "input_tokens": 59266,
  "output_tokens": 3720,
  "total_tokens": 541055,
  "stall_aborted": false,
  "gen_queue_wait_s": 0.00015979399904608727,
  "val_queue_wait_s": 5861.7171815494075
}