{
  "iter": 1,
  "opencode_elapsed_s": 829.413142204,
  "validation_elapsed_s": 510.6944978297688,
  "total_elapsed_s": 1340.1076400337688,
  "validation_passed": true,
  "input_tokens": 12163323,
  "output_tokens": 51335,
  "total_tokens": 12214658,
  "stall_aborted": false,
  "gen_queue_wait_s": 0.0,
  "val_queue_wait_s": 5462.848736880347
}