{
  "iter": 2,
  "opencode_elapsed_s": 309.672719717,
  "validation_elapsed_s": 850.8783928479534,
  "total_elapsed_s": 1160.5511125649534,
  "validation_passed": true,
  "input_tokens": 231723,
  "output_tokens": 6196,
  "total_tokens": 1242563,
  "stall_aborted": false,
  "gen_queue_wait_s": 0.00017741601914167404,
  "val_queue_wait_s": 5571.012124900939
}