{
  "iter": 8,
  "opencode_elapsed_s": 152.125235081,
  "validation_elapsed_s": 369.7685948377475,
  "total_elapsed_s": 521.8938299187475,
  "validation_passed": true,
  "input_tokens": 91544,
  "output_tokens": 3456,
  "total_tokens": 635679,
  "stall_aborted": false,
  "gen_queue_wait_s": 0.00016120914369821548,
  "val_queue_wait_s": 853.845025327988
}