{
  "iter": 4,
  "opencode_elapsed_s": 591.17142868,
  "validation_elapsed_s": 506.78779337205924,
  "total_elapsed_s": 1097.9592220520592,
  "validation_passed": false,
  "input_tokens": 211260,
  "output_tokens": 8877,
  "total_tokens": 1441656,
  "stall_aborted": false,
  "gen_queue_wait_s": 0.00020220689475536346,
  "val_queue_wait_s": 10377.639302489813
}