{
  "iter": 4,
  "opencode_elapsed_s": 1153.935385704,
  "validation_elapsed_s": 429.6392730209045,
  "total_elapsed_s": 1583.5746587249046,
  "validation_passed": false,
  "input_tokens": 138136,
  "output_tokens": 1547,
  "total_tokens": 228849,
  "stall_aborted": false,
  "gen_queue_wait_s": 0.0003150440752506256,
  "val_queue_wait_s": 3924.2093026437797
}