{
  "iter": 8,
  "opencode_elapsed_s": 647.633390188,
  "validation_elapsed_s": 227.2814986947924,
  "total_elapsed_s": 874.9148888827924,
  "validation_passed": false,
  "input_tokens": 942300,
  "output_tokens": 13744,
  "total_tokens": 4256595,
  "stall_aborted": false,
  "gen_queue_wait_s": 0.00017895689234137535,
  "val_queue_wait_s": 3622.684736101888
}