{
  "iter": 6,
  "opencode_elapsed_s": 191.511959791,
  "validation_elapsed_s": 363.79945720825344,
  "total_elapsed_s": 555.3114169992534,
  "validation_passed": false,
  "input_tokens": 174339,
  "output_tokens": 6218,
  "total_tokens": 1662733,
  "stall_aborted": false,
  "gen_queue_wait_s": 0.00016379216685891151,
  "val_queue_wait_s": 5381.175603399053
}