{
  "iter": 1,
  "opencode_elapsed_s": 226.449418306,
  "validation_elapsed_s": 186.55875841528177,
  "total_elapsed_s": 413.00817672128176,
  "validation_passed": true,
  "input_tokens": 2061241,
  "output_tokens": 14964,
  "total_tokens": 2076205,
  "stall_aborted": false,
  "gen_queue_wait_s": 262.411762943957,
  "val_queue_wait_s": 410.6996332681738
}