{
  "iter": 1,
  "opencode_elapsed_s": 199.256197453,
  "validation_elapsed_s": 254.6107178798411,
  "total_elapsed_s": 453.86691533284113,
  "validation_passed": false,
  "input_tokens": 295574,
  "output_tokens": 8766,
  "total_tokens": 1165271,
  "stall_aborted": false,
  "gen_queue_wait_s": 235.72290617995895,
  "val_queue_wait_s": 838.6219261991791
}