{
  "iter": 6,
  "opencode_elapsed_s": 1726.17932272,
  "validation_elapsed_s": 514.7294446839951,
  "total_elapsed_s": 2240.908767403995,
  "validation_passed": false,
  "input_tokens": 926777,
  "output_tokens": 2882,
  "total_tokens": 929659,
  "stall_aborted": false,
  "gen_queue_wait_s": 0.00011300086043775082,
  "val_queue_wait_s": 1049.5360840698704
}