{
  "iter": 7,
  "opencode_elapsed_s": 325.611586809,
  "validation_elapsed_s": 507.1630391809158,
  "total_elapsed_s": 832.7746259899159,
  "validation_passed": true,
  "input_tokens": 3513714,
  "output_tokens": 21442,
  "total_tokens": 3535156,
  "stall_aborted": false,
  "gen_queue_wait_s": 0.00022266805171966553,
  "val_queue_wait_s": 2764.8902727598324
}