{
  "iter": 1,
  "opencode_elapsed_s": 161.738447428,
  "validation_elapsed_s": 184.81295156292617,
  "total_elapsed_s": 346.55139899092615,
  "validation_passed": false,
  "input_tokens": 424679,
  "output_tokens": 7429,
  "total_tokens": 1086071,
  "stall_aborted": false,
  "gen_queue_wait_s": 273.62053073802963,
  "val_queue_wait_s": 1401.7377592995763
}