{
  "elapsed_s": 154.25406613899395,
  "perturbation_seed": 1070313409,
  "perturbation_value": 0.0010026759315849728,
  "output_file_name": "validation_output.bin"
}