{
  "iter": 3,
  "opencode_elapsed_s": 96.746052265,
  "validation_elapsed_s": 395.34159304481,
  "total_elapsed_s": 492.08764530981,
  "validation_passed": false,
  "input_tokens": 69780,
  "output_tokens": 3672,
  "total_tokens": 484867,
  "stall_aborted": false,
  "gen_queue_wait_s": 0.0002017100341618061,
  "val_queue_wait_s": 257.5077516408637
}