{
  "iter": 4,
  "opencode_elapsed_s": 1812.87940836,
  "validation_elapsed_s": 113.58492662804201,
  "total_elapsed_s": 1926.464334988042,
  "validation_passed": false,
  "input_tokens": 10563520,
  "output_tokens": 83535,
  "total_tokens": 10647055,
  "stall_aborted": false,
  "gen_queue_wait_s": 0.0002038762904703617,
  "val_queue_wait_s": 806.3964899210259
}