{
  "iter": 3,
  "opencode_elapsed_s": 311.695679903,
  "validation_elapsed_s": 385.1936701317318,
  "total_elapsed_s": 696.8893500347317,
  "validation_passed": true,
  "input_tokens": 204961,
  "output_tokens": 9268,
  "total_tokens": 1156245,
  "stall_aborted": false,
  "gen_queue_wait_s": 0.00014699995517730713,
  "val_queue_wait_s": 1511.1790553499013
}