{
  "iter": 2,
  "opencode_elapsed_s": 147.05712676,
  "validation_elapsed_s": 360.9743046350777,
  "total_elapsed_s": 508.0314313950777,
  "validation_passed": false,
  "input_tokens": 155792,
  "output_tokens": 5917,
  "total_tokens": 1169641,
  "stall_aborted": false,
  "gen_queue_wait_s": 0.00010667135939002037,
  "val_queue_wait_s": 5700.703665088862
}