{
  "iter": 1,
  "opencode_elapsed_s": 235.536323309,
  "validation_elapsed_s": 228.18088076706044,
  "total_elapsed_s": 463.71720407606045,
  "validation_passed": false,
  "input_tokens": 318067,
  "output_tokens": 9198,
  "total_tokens": 1417501,
  "stall_aborted": false,
  "gen_queue_wait_s": 0.002223741030320525,
  "val_queue_wait_s": 0.00010491907596588135
}