{
  "iter": 6,
  "opencode_elapsed_s": 3257.634878635,
  "validation_elapsed_s": 346.23822046699934,
  "total_elapsed_s": 3603.8730991019993,
  "validation_passed": false,
  "input_tokens": 9671957,
  "output_tokens": 61443,
  "total_tokens": 9733400,
  "stall_aborted": false,
  "gen_queue_wait_s": 0.00017479294911026955,
  "val_queue_wait_s": 2485.9166012299247
}