{
  "iter": 2,
  "opencode_elapsed_s": 134.645907879,
  "validation_elapsed_s": 900.0078414180316,
  "total_elapsed_s": 1034.6537492970315,
  "validation_passed": false,
  "input_tokens": 92004,
  "output_tokens": 4944,
  "total_tokens": 1059149,
  "stall_aborted": false,
  "gen_queue_wait_s": 0.0003082500770688057,
  "val_queue_wait_s": 5023.810117956018
}