{
  "elapsed_s": 110.37249068915844,
  "perturbation_seed": 2112072203,
  "perturbation_value": 1.3914269495237315,
  "output_file_name": "validation_output.bin"
}