{
  "iter": 2,
  "opencode_elapsed_s": 1528.681847572,
  "validation_elapsed_s": 400.43344757612795,
  "total_elapsed_s": 1929.1152951481279,
  "validation_passed": false,
  "input_tokens": 24408598,
  "output_tokens": 85942,
  "total_tokens": 24494540,
  "stall_aborted": false,
  "gen_queue_wait_s": 0.00025146082043647766,
  "val_queue_wait_s": 6942.089611846022
}