{
  "iter": 5,
  "opencode_elapsed_s": 135.421058655,
  "validation_elapsed_s": 250.81975282821804,
  "total_elapsed_s": 386.24081148321807,
  "validation_passed": false,
  "input_tokens": 981113,
  "output_tokens": 8453,
  "total_tokens": 989566,
  "stall_aborted": false,
  "gen_queue_wait_s": 0.000390585046261549,
  "val_queue_wait_s": 2908.858350131195
}