{
  "iter": 2,
  "opencode_elapsed_s": 48.759115458,
  "validation_elapsed_s": 392.68467310699634,
  "total_elapsed_s": 441.44378856499634,
  "validation_passed": false,
  "input_tokens": 83624,
  "output_tokens": 1787,
  "total_tokens": 221536,
  "stall_aborted": false,
  "gen_queue_wait_s": 27.09682774893008,
  "val_queue_wait_s": 5120.247403452173
}