{
  "iter": 1,
  "opencode_elapsed_s": 392.06257081,
  "validation_elapsed_s": 271.8531199521385,
  "total_elapsed_s": 663.9156907621385,
  "validation_passed": false,
  "input_tokens": 819502,
  "output_tokens": 12404,
  "total_tokens": 4042126,
  "stall_aborted": false,
  "gen_queue_wait_s": 324.76067525707185,
  "val_queue_wait_s": 1677.4588483148254
}