{
  "iter": 1,
  "opencode_elapsed_s": 318.912926197,
  "validation_elapsed_s": 399.6969194188714,
  "total_elapsed_s": 718.6098456158713,
  "validation_passed": false,
  "input_tokens": 828117,
  "output_tokens": 11927,
  "total_tokens": 3220396,
  "stall_aborted": false,
  "gen_queue_wait_s": 0.0013292618095874786,
  "val_queue_wait_s": 217.8852003836073
}