{
  "iter": 1,
  "opencode_elapsed_s": 297.609221935,
  "validation_elapsed_s": 349.9095376220066,
  "total_elapsed_s": 647.5187595570067,
  "validation_passed": false,
  "input_tokens": 643858,
  "output_tokens": 15377,
  "total_tokens": 4549666,
  "stall_aborted": false,
  "gen_queue_wait_s": 0.001961570931598544,
  "val_queue_wait_s": 433.1701590002049
}