{
  "iter": 2,
  "opencode_elapsed_s": 703.666908741,
  "validation_elapsed_s": 167.30635027191602,
  "total_elapsed_s": 870.9732590129161,
  "validation_passed": false,
  "input_tokens": 10676335,
  "output_tokens": 29785,
  "total_tokens": 10706120,
  "stall_aborted": false,
  "gen_queue_wait_s": 0.0,
  "val_queue_wait_s": 2355.8602652191184
}