{
  "iter": 7,
  "opencode_elapsed_s": 382.314843893,
  "validation_elapsed_s": 372.1075263111852,
  "total_elapsed_s": 754.4223702041852,
  "validation_passed": false,
  "input_tokens": 126975,
  "output_tokens": 5156,
  "total_tokens": 1447327,
  "stall_aborted": false,
  "gen_queue_wait_s": 0.0001942068338394165,
  "val_queue_wait_s": 431.5476701022126
}