{
  "iter": 3,
  "opencode_elapsed_s": 444.269748688,
  "validation_elapsed_s": 407.8954761810601,
  "total_elapsed_s": 852.16522486906,
  "validation_passed": false,
  "input_tokens": 581448,
  "output_tokens": 16884,
  "total_tokens": 5232619,
  "stall_aborted": false,
  "gen_queue_wait_s": 0.00018691294826567173,
  "val_queue_wait_s": 1454.1385372320656
}