{
  "iter": 1,
  "opencode_elapsed_s": 1385.582162142,
  "validation_elapsed_s": 430.4975395309739,
  "total_elapsed_s": 1816.079701672974,
  "validation_passed": false,
  "input_tokens": 6258944,
  "output_tokens": 29864,
  "total_tokens": 6288808,
  "stall_aborted": false,
  "gen_queue_wait_s": 2080.3861509361304,
  "val_queue_wait_s": 7349.397217086051
}