{
  "iter": 4,
  "opencode_elapsed_s": 1086.785570145,
  "validation_elapsed_s": 555.2180592699442,
  "total_elapsed_s": 1642.0036294149443,
  "validation_passed": false,
  "input_tokens": 9893441,
  "output_tokens": 49731,
  "total_tokens": 9943172,
  "stall_aborted": false,
  "gen_queue_wait_s": 0.00020370888523757458,
  "val_queue_wait_s": 4740.321553123184
}