{
  "iter": 2,
  "opencode_elapsed_s": 629.010462523,
  "validation_elapsed_s": 770.9217352238484,
  "total_elapsed_s": 1399.9321977468485,
  "validation_passed": true,
  "input_tokens": 1862660,
  "output_tokens": 29417,
  "total_tokens": 1892077,
  "stall_aborted": false,
  "gen_queue_wait_s": 0.00014654407277703285,
  "val_queue_wait_s": 326.34257166599855
}