{
  "iter": 8,
  "opencode_elapsed_s": 309.968739748,
  "validation_elapsed_s": 635.8288210527971,
  "total_elapsed_s": 945.7975608007971,
  "validation_passed": true,
  "input_tokens": 180304,
  "output_tokens": 12593,
  "total_tokens": 1923910,
  "stall_aborted": false,
  "gen_queue_wait_s": 0.00020341691561043262,
  "val_queue_wait_s": 1857.36900168797
}