{
  "iter": 4,
  "opencode_elapsed_s": 217.07964325,
  "validation_elapsed_s": 638.9236704087816,
  "total_elapsed_s": 856.0033136587816,
  "validation_passed": false,
  "input_tokens": 122949,
  "output_tokens": 6010,
  "total_tokens": 688978,
  "stall_aborted": false,
  "gen_queue_wait_s": 0.00015995698049664497,
  "val_queue_wait_s": 3718.6891842782497
}