{
  "iter": 1,
  "opencode_elapsed_s": 338.104927063,
  "validation_elapsed_s": 396.57100905594416,
  "total_elapsed_s": 734.6759361189442,
  "validation_passed": false,
  "input_tokens": 622879,
  "output_tokens": 14101,
  "total_tokens": 3411671,
  "stall_aborted": false,
  "gen_queue_wait_s": 1059.404254610883,
  "val_queue_wait_s": 1294.9804942540359
}