{
  "iter": 2,
  "opencode_elapsed_s": 101.665270805,
  "validation_elapsed_s": 390.94506995007396,
  "total_elapsed_s": 492.61034075507393,
  "validation_passed": false,
  "input_tokens": 37769,
  "output_tokens": 2289,
  "total_tokens": 254377,
  "stall_aborted": false,
  "gen_queue_wait_s": 0.00010096002370119095,
  "val_queue_wait_s": 1932.1927657998167
}