{
  "iter": 5,
  "opencode_elapsed_s": 319.310662985,
  "validation_elapsed_s": 549.9432156071998,
  "total_elapsed_s": 869.2538785921998,
  "validation_passed": false,
  "input_tokens": 166228,
  "output_tokens": 12190,
  "total_tokens": 3381261,
  "stall_aborted": false,
  "gen_queue_wait_s": 0.00017821183428168297,
  "val_queue_wait_s": 5731.412765536923
}