{
  "iter": 1,
  "opencode_elapsed_s": 545.402150154,
  "validation_elapsed_s": 479.4931574370712,
  "total_elapsed_s": 1024.8953075910713,
  "validation_passed": true,
  "input_tokens": 4491321,
  "output_tokens": 27118,
  "total_tokens": 4518439,
  "stall_aborted": false,
  "gen_queue_wait_s": 3143.7824703957886,
  "val_queue_wait_s": 6026.19074271014
}