{
  "iter": 2,
  "opencode_elapsed_s": 445.847092867,
  "validation_elapsed_s": 267.3581212568097,
  "total_elapsed_s": 713.2052141238097,
  "validation_passed": false,
  "input_tokens": 2785466,
  "output_tokens": 31993,
  "total_tokens": 2817459,
  "stall_aborted": false,
  "gen_queue_wait_s": 0.00020533427596092224,
  "val_queue_wait_s": 9251.944069708697
}