{
  "iter": 3,
  "opencode_elapsed_s": 135.596376181,
  "validation_elapsed_s": 191.4017687640153,
  "total_elapsed_s": 326.99814494501527,
  "validation_passed": false,
  "input_tokens": 134677,
  "output_tokens": 7146,
  "total_tokens": 632302,
  "stall_aborted": false,
  "gen_queue_wait_s": 8.591683581471443e-05,
  "val_queue_wait_s": 5843.887541999109
}