{
  "iter": 5,
  "opencode_elapsed_s": 1609.20762825,
  "validation_elapsed_s": 184.9782211710699,
  "total_elapsed_s": 1794.1858494210699,
  "validation_passed": false,
  "input_tokens": 18976412,
  "output_tokens": 112321,
  "total_tokens": 19088733,
  "stall_aborted": false,
  "gen_queue_wait_s": 0.00020366813987493515,
  "val_queue_wait_s": 976.1504034157842
}