{
  "iter": 8,
  "opencode_elapsed_s": 175.781070471,
  "validation_elapsed_s": 392.9717469161842,
  "total_elapsed_s": 568.7528173871842,
  "validation_passed": false,
  "input_tokens": 504696,
  "output_tokens": 6152,
  "total_tokens": 2150327,
  "stall_aborted": false,
  "gen_queue_wait_s": 0.00017866585403680801,
  "val_queue_wait_s": 607.6609542160295
}