{
  "iter": 4,
  "opencode_elapsed_s": 176.106472015,
  "validation_elapsed_s": 723.422890515998,
  "total_elapsed_s": 899.529362530998,
  "validation_passed": false,
  "input_tokens": 77409,
  "output_tokens": 5617,
  "total_tokens": 939910,
  "stall_aborted": false,
  "gen_queue_wait_s": 0.00019804621115326881,
  "val_queue_wait_s": 5800.005336438771
}