{
  "elapsed_s": 93.50378318806179,
  "perturbation_seed": 1997550379,
  "perturbation_value": 0.23518676717913678,
  "output_file_name": "validation_output.bin"
}