{
  "iter": 2,
  "opencode_elapsed_s": 117.546982527,
  "validation_elapsed_s": 385.2880372838117,
  "total_elapsed_s": 502.83501981081173,
  "validation_passed": false,
  "input_tokens": 332863,
  "output_tokens": 5742,
  "total_tokens": 1184492,
  "stall_aborted": false,
  "gen_queue_wait_s": 0.00021395389921963215,
  "val_queue_wait_s": 569.8728447631001
}