{
  "iter": 3,
  "opencode_elapsed_s": 101.618232489,
  "validation_elapsed_s": 234.36583629297093,
  "total_elapsed_s": 335.9840687819709,
  "validation_passed": false,
  "input_tokens": 75135,
  "output_tokens": 2688,
  "total_tokens": 271931,
  "stall_aborted": false,
  "gen_queue_wait_s": 0.0,
  "val_queue_wait_s": 189.15552714793012
}