{
  "iter": 9,
  "opencode_elapsed_s": 624.096935987,
  "validation_elapsed_s": 900.0010778140277,
  "total_elapsed_s": 1524.0980138010277,
  "validation_passed": false,
  "input_tokens": 5244755,
  "output_tokens": 50658,
  "total_tokens": 5295413,
  "stall_aborted": false,
  "gen_queue_wait_s": 0.0001350841484963894,
  "val_queue_wait_s": 1248.3094696206972
}