{
  "iter": 4,
  "opencode_elapsed_s": 81.484837532,
  "validation_elapsed_s": 172.3162682778202,
  "total_elapsed_s": 253.8011058098202,
  "validation_passed": true,
  "input_tokens": 60292,
  "output_tokens": 3100,
  "total_tokens": 254905,
  "stall_aborted": false,
  "gen_queue_wait_s": 0.00017416803166270256,
  "val_queue_wait_s": 4861.729687786661
}