{
  "iter": 9,
  "opencode_elapsed_s": 117.645129442,
  "validation_elapsed_s": 365.2875456199981,
  "total_elapsed_s": 482.9326750619981,
  "validation_passed": false,
  "input_tokens": 126847,
  "output_tokens": 4270,
  "total_tokens": 779356,
  "stall_aborted": false,
  "gen_queue_wait_s": 0.00018462399020791054,
  "val_queue_wait_s": 236.79684226727113
}