{
  "iter": 6,
  "opencode_elapsed_s": 1329.545232058,
  "validation_elapsed_s": 418.9590155617334,
  "total_elapsed_s": 1748.5042476197334,
  "validation_passed": false,
  "input_tokens": 18064420,
  "output_tokens": 54259,
  "total_tokens": 18118679,
  "stall_aborted": false,
  "gen_queue_wait_s": 0.00020412588492035866,
  "val_queue_wait_s": 8.745910599827766e-05
}