{
  "iter": 1,
  "opencode_elapsed_s": 455.927278757,
  "validation_elapsed_s": 166.672184928786,
  "total_elapsed_s": 622.5994636857861,
  "validation_passed": false,
  "input_tokens": 4909135,
  "output_tokens": 27675,
  "total_tokens": 4936810,
  "stall_aborted": false,
  "gen_queue_wait_s": 705.1525373896584,
  "val_queue_wait_s": 3453.113373456057
}