{
  "iter": 10,
  "opencode_elapsed_s": 866.273289442,
  "validation_elapsed_s": 377.9355919440277,
  "total_elapsed_s": 1244.2088813860278,
  "validation_passed": true,
  "input_tokens": 9089941,
  "output_tokens": 60975,
  "total_tokens": 9150916,
  "stall_aborted": false,
  "gen_queue_wait_s": 0.0001649167388677597,
  "val_queue_wait_s": 86.12679992429912
}