{
  "iter": 6,
  "opencode_elapsed_s": 369.185366154,
  "validation_elapsed_s": 562.8280940502882,
  "total_elapsed_s": 932.0134602042882,
  "validation_passed": false,
  "input_tokens": 81859,
  "output_tokens": 7933,
  "total_tokens": 820984,
  "stall_aborted": false,
  "gen_queue_wait_s": 0.00016150297597050667,
  "val_queue_wait_s": 3344.543941721786
}