{
  "elapsed_s": 108.20476175402291,
  "perturbation_seed": 1680322698,
  "perturbation_value": 1.4068408873215237,
  "output_file_name": "validation_output.bin"
}