{
  "iter": 8,
  "opencode_elapsed_s": 194.751446724,
  "validation_elapsed_s": 203.38130604103208,
  "total_elapsed_s": 398.1327527650321,
  "validation_passed": false,
  "input_tokens": 120832,
  "output_tokens": 4971,
  "total_tokens": 1210920,
  "stall_aborted": false,
  "gen_queue_wait_s": 0.00013783108443021774,
  "val_queue_wait_s": 1784.3542950069532
}