{
  "elapsed_s": 81.57427894114517,
  "perturbation_seed": 1261283067,
  "perturbation_value": 1.976736318632644,
  "output_file_name": "validation_output.bin"
}