{
  "iter": 3,
  "opencode_elapsed_s": 79.906264067,
  "validation_elapsed_s": 484.1158504653722,
  "total_elapsed_s": 564.0221145323721,
  "validation_passed": false,
  "input_tokens": 53027,
  "output_tokens": 2780,
  "total_tokens": 432647,
  "stall_aborted": false,
  "gen_queue_wait_s": 0.0,
  "val_queue_wait_s": 2544.9480237588286
}