{
  "iter": 1,
  "opencode_elapsed_s": 1681.457023859,
  "validation_elapsed_s": 497.7929959320463,
  "total_elapsed_s": 2179.2500197910463,
  "validation_passed": false,
  "input_tokens": 20552624,
  "output_tokens": 72946,
  "total_tokens": 20625570,
  "stall_aborted": false,
  "gen_queue_wait_s": 717.7425072169863,
  "val_queue_wait_s": 4255.615420378977
}