{
  "iter": 3,
  "opencode_elapsed_s": 314.584017515,
  "validation_elapsed_s": 345.2873945320025,
  "total_elapsed_s": 659.8714120470025,
  "validation_passed": false,
  "input_tokens": 551414,
  "output_tokens": 9947,
  "total_tokens": 4526383,
  "stall_aborted": false,
  "gen_queue_wait_s": 0.0001645428128540516,
  "val_queue_wait_s": 1461.8610785719939
}