{
  "iter": 1,
  "opencode_elapsed_s": 582.329220057,
  "validation_elapsed_s": 431.45372603693977,
  "total_elapsed_s": 1013.7829460939398,
  "validation_passed": false,
  "input_tokens": 5095445,
  "output_tokens": 32859,
  "total_tokens": 5128304,
  "stall_aborted": false,
  "gen_queue_wait_s": 1397.8574652671814,
  "val_queue_wait_s": 5783.356451275758
}