{
  "iter": 10,
  "opencode_elapsed_s": 211.959670544,
  "validation_elapsed_s": 514.8837091568857,
  "total_elapsed_s": 726.8433797008857,
  "validation_passed": false,
  "input_tokens": 99373,
  "output_tokens": 6250,
  "total_tokens": 991188,
  "stall_aborted": false,
  "gen_queue_wait_s": 7.991818711161613e-05,
  "val_queue_wait_s": 2544.522524158936
}