{
  "iter": 9,
  "opencode_elapsed_s": 315.465793848,
  "validation_elapsed_s": 196.97735228482634,
  "total_elapsed_s": 512.4431461328263,
  "validation_passed": false,
  "input_tokens": 241448,
  "output_tokens": 4972,
  "total_tokens": 1659307,
  "stall_aborted": false,
  "gen_queue_wait_s": 0.0003343729767948389,
  "val_queue_wait_s": 460.1900925440714
}