{
  "iter": 3,
  "opencode_elapsed_s": 176.676274061,
  "validation_elapsed_s": 123.50574347889051,
  "total_elapsed_s": 300.18201753989047,
  "validation_passed": false,
  "input_tokens": 211993,
  "output_tokens": 4541,
  "total_tokens": 874674,
  "stall_aborted": false,
  "gen_queue_wait_s": 0.00027404516004025936,
  "val_queue_wait_s": 6958.5027111270465
}