{
  "iter": 3,
  "opencode_elapsed_s": 1407.130708456,
  "validation_elapsed_s": 433.9566506699193,
  "total_elapsed_s": 1841.0873591259194,
  "validation_passed": false,
  "input_tokens": 9930258,
  "output_tokens": 62389,
  "total_tokens": 9992647,
  "stall_aborted": false,
  "gen_queue_wait_s": 0.0001442090142518282,
  "val_queue_wait_s": 4137.4163998980075
}