{
  "iter": 9,
  "opencode_elapsed_s": 107.490149498,
  "validation_elapsed_s": 255.122479718877,
  "total_elapsed_s": 362.612629216877,
  "validation_passed": false,
  "input_tokens": 105946,
  "output_tokens": 4347,
  "total_tokens": 1062758,
  "stall_aborted": false,
  "gen_queue_wait_s": 9.925104677677155e-05,
  "val_queue_wait_s": 846.1354409640189
}