{
  "elapsed_s": 77.01003511506133,
  "perturbation_seed": 611243133,
  "perturbation_value": 1.9687825483379697e-05,
  "output_file_name": "validation_output.bin"
}