{
  "iter": 1,
  "opencode_elapsed_s": 142.302457571,
  "validation_elapsed_s": 192.6758560249582,
  "total_elapsed_s": 334.9783135959582,
  "validation_passed": false,
  "input_tokens": 469272,
  "output_tokens": 6853,
  "total_tokens": 1724802,
  "stall_aborted": false,
  "gen_queue_wait_s": 284.84992801002227,
  "val_queue_wait_s": 653.7170153157786
}