{
  "elapsed_s": 77.86716559715569,
  "perturbation_seed": 1828907395,
  "perturbation_value": 2.023754525246233e-05,
  "output_file_name": "validation_output.bin"
}