{
  "iter": 7,
  "opencode_elapsed_s": 101.568859339,
  "validation_elapsed_s": 197.978251762921,
  "total_elapsed_s": 299.547111101921,
  "validation_passed": false,
  "input_tokens": 62400,
  "output_tokens": 3016,
  "total_tokens": 521411,
  "stall_aborted": false,
  "gen_queue_wait_s": 0.00018937489949166775,
  "val_queue_wait_s": 1014.640527904965
}