{
  "iter": 5,
  "opencode_elapsed_s": 1151.227298975,
  "validation_elapsed_s": 439.98535028100014,
  "total_elapsed_s": 1591.212649256,
  "validation_passed": false,
  "input_tokens": 16590528,
  "output_tokens": 84213,
  "total_tokens": 16674741,
  "stall_aborted": false,
  "gen_queue_wait_s": 0.00013629207387566566,
  "val_queue_wait_s": 3556.025317337364
}