{
  "iter": 6,
  "opencode_elapsed_s": 229.969650269,
  "validation_elapsed_s": 460.7216410418041,
  "total_elapsed_s": 690.6912913108041,
  "validation_passed": false,
  "input_tokens": 104532,
  "output_tokens": 5380,
  "total_tokens": 502237,
  "stall_aborted": false,
  "gen_queue_wait_s": 8.633174002170563e-05,
  "val_queue_wait_s": 3917.8199000931345
}