{
  "iter": 6,
  "opencode_elapsed_s": 371.583048582,
  "validation_elapsed_s": 339.79659309098497,
  "total_elapsed_s": 711.3796416729849,
  "validation_passed": false,
  "input_tokens": 200151,
  "output_tokens": 10807,
  "total_tokens": 1828100,
  "stall_aborted": false,
  "gen_queue_wait_s": 0.00013966718688607216,
  "val_queue_wait_s": 5422.0725294603035
}