{
  "iter": 2,
  "opencode_elapsed_s": 168.112493277,
  "validation_elapsed_s": 359.9717692071572,
  "total_elapsed_s": 528.0842624841572,
  "validation_passed": true,
  "input_tokens": 1747077,
  "output_tokens": 9481,
  "total_tokens": 1756558,
  "stall_aborted": false,
  "gen_queue_wait_s": 0.0,
  "val_queue_wait_s": 5102.865512121003
}