{
  "iter": 3,
  "opencode_elapsed_s": 196.515142918,
  "validation_elapsed_s": 421.02745208190754,
  "total_elapsed_s": 617.5425949999076,
  "validation_passed": true,
  "input_tokens": 2243612,
  "output_tokens": 11550,
  "total_tokens": 2255162,
  "stall_aborted": false,
  "gen_queue_wait_s": 0.00040572090074419975,
  "val_queue_wait_s": 10609.397156565916
}