{
  "iter": 7,
  "opencode_elapsed_s": 255.496153831,
  "validation_elapsed_s": 336.3824273906648,
  "total_elapsed_s": 591.8785812216648,
  "validation_passed": false,
  "input_tokens": 116414,
  "output_tokens": 6540,
  "total_tokens": 1090257,
  "stall_aborted": false,
  "gen_queue_wait_s": 0.00016162730753421783,
  "val_queue_wait_s": 3657.25162631087
}