{
  "iter": 1,
  "opencode_elapsed_s": 616.683206797,
  "validation_elapsed_s": 242.70096764620394,
  "total_elapsed_s": 859.384174443204,
  "validation_passed": false,
  "input_tokens": 8676712,
  "output_tokens": 31459,
  "total_tokens": 8708171,
  "stall_aborted": false,
  "gen_queue_wait_s": 0.013093683402985334,
  "val_queue_wait_s": 6222.139501614962
}