{
  "elapsed_s": 83.0429293490015,
  "perturbation_seed": 571300000,
  "perturbation_value": 1.9950000640729564,
  "output_file_name": "validation_output.bin"
}