{
  "iter": 4,
  "opencode_elapsed_s": 165.447910309,
  "validation_elapsed_s": 384.524870084133,
  "total_elapsed_s": 549.972780393133,
  "validation_passed": false,
  "input_tokens": 105801,
  "output_tokens": 4082,
  "total_tokens": 720895,
  "stall_aborted": false,
  "gen_queue_wait_s": 8.774874731898308e-05,
  "val_queue_wait_s": 5745.658000391908
}