{
  "iter": 9,
  "opencode_elapsed_s": 406.926337004,
  "validation_elapsed_s": 444.6585779278539,
  "total_elapsed_s": 851.584914931854,
  "validation_passed": false,
  "input_tokens": 136490,
  "output_tokens": 7926,
  "total_tokens": 1220907,
  "stall_aborted": false,
  "gen_queue_wait_s": 0.0001551271416246891,
  "val_queue_wait_s": 5409.936475242954
}