{
  "iter": 10,
  "opencode_elapsed_s": 193.07585144,
  "validation_elapsed_s": 384.43735739099793,
  "total_elapsed_s": 577.5132088309979,
  "validation_passed": false,
  "input_tokens": 176988,
  "output_tokens": 6706,
  "total_tokens": 1156876,
  "stall_aborted": false,
  "gen_queue_wait_s": 0.0001767969224601984,
  "val_queue_wait_s": 426.73450939008035
}