{
  "iter": 7,
  "opencode_elapsed_s": 556.346644402,
  "validation_elapsed_s": 717.3719154791906,
  "total_elapsed_s": 1273.7185598811907,
  "validation_passed": false,
  "input_tokens": 6165182,
  "output_tokens": 37690,
  "total_tokens": 6202872,
  "stall_aborted": false,
  "gen_queue_wait_s": 0.00022516725584864616,
  "val_queue_wait_s": 2048.126474955119
}