{
  "iter": 3,
  "opencode_elapsed_s": 183.693256855,
  "validation_elapsed_s": 194.95055047608912,
  "total_elapsed_s": 378.6438073310891,
  "validation_passed": false,
  "input_tokens": 124128,
  "output_tokens": 4973,
  "total_tokens": 1657847,
  "stall_aborted": false,
  "gen_queue_wait_s": 0.00017220992594957352,
  "val_queue_wait_s": 5778.7847697648685
}