{
  "iter": 3,
  "opencode_elapsed_s": 729.095357656,
  "validation_elapsed_s": 370.3528929706663,
  "total_elapsed_s": 1099.4482506266663,
  "validation_passed": false,
  "input_tokens": 11506186,
  "output_tokens": 49895,
  "total_tokens": 11556081,
  "stall_aborted": false,
  "gen_queue_wait_s": 0.0002043750137090683,
  "val_queue_wait_s": 8757.3544477541
}