{
  "iter": 8,
  "opencode_elapsed_s": 374.007801294,
  "validation_elapsed_s": 289.5091802892275,
  "total_elapsed_s": 663.5169815832276,
  "validation_passed": false,
  "input_tokens": 101304,
  "output_tokens": 6964,
  "total_tokens": 1460066,
  "stall_aborted": false,
  "gen_queue_wait_s": 0.0001620817929506302,
  "val_queue_wait_s": 3830.815895214211
}