{
  "iter": 1,
  "opencode_elapsed_s": 266.021688223,
  "validation_elapsed_s": 144.04008268704638,
  "total_elapsed_s": 410.0617709100464,
  "validation_passed": true,
  "input_tokens": 1484860,
  "output_tokens": 10721,
  "total_tokens": 1495581,
  "stall_aborted": false,
  "gen_queue_wait_s": 459.9867711518891,
  "val_queue_wait_s": 481.70475259190425
}