{
  "iter": 2,
  "opencode_elapsed_s": 1091.903133869,
  "validation_elapsed_s": 521.2131343446672,
  "total_elapsed_s": 1613.1162682136671,
  "validation_passed": false,
  "input_tokens": 18153998,
  "output_tokens": 64694,
  "total_tokens": 18218692,
  "stall_aborted": false,
  "gen_queue_wait_s": 2030.4200165732764,
  "val_queue_wait_s": 8601.462925758213
}