{
  "iter": 5,
  "opencode_elapsed_s": 635.396833658,
  "validation_elapsed_s": 394.9101182948798,
  "total_elapsed_s": 1030.30695195288,
  "validation_passed": false,
  "input_tokens": 5513005,
  "output_tokens": 30521,
  "total_tokens": 5543526,
  "stall_aborted": false,
  "gen_queue_wait_s": 0.0002090437337756157,
  "val_queue_wait_s": 291.5177720100619
}