{
  "iter": 8,
  "opencode_elapsed_s": 536.913188934,
  "validation_elapsed_s": 460.7318831831217,
  "total_elapsed_s": 997.6450721171217,
  "validation_passed": false,
  "input_tokens": 284851,
  "output_tokens": 12344,
  "total_tokens": 1641228,
  "stall_aborted": false,
  "gen_queue_wait_s": 0.00016354024410247803,
  "val_queue_wait_s": 3516.2995986049064
}