{
  "iter": 2,
  "opencode_elapsed_s": 521.591043711,
  "validation_elapsed_s": 900.005613476038,
  "total_elapsed_s": 1421.596657187038,
  "validation_passed": false,
  "input_tokens": 4443857,
  "output_tokens": 36386,
  "total_tokens": 4480243,
  "stall_aborted": false,
  "gen_queue_wait_s": 0.0,
  "val_queue_wait_s": 762.0093242209405
}