{
  "iter": 5,
  "opencode_elapsed_s": 438.695774078,
  "validation_elapsed_s": 319.3919213921763,
  "total_elapsed_s": 758.0876954701763,
  "validation_passed": false,
  "input_tokens": 214213,
  "output_tokens": 15228,
  "total_tokens": 5824967,
  "stall_aborted": false,
  "gen_queue_wait_s": 9.31259710341692e-05,
  "val_queue_wait_s": 3587.4701531699393
}