{
  "iter": 2,
  "opencode_elapsed_s": 118.516238213,
  "validation_elapsed_s": 470.66610026708804,
  "total_elapsed_s": 589.182338480088,
  "validation_passed": true,
  "input_tokens": 62094,
  "output_tokens": 3531,
  "total_tokens": 726296,
  "stall_aborted": false,
  "gen_queue_wait_s": 0.00019245687872171402,
  "val_queue_wait_s": 6127.573743756162
}