{
  "iter": 2,
  "opencode_elapsed_s": 1225.077781677,
  "validation_elapsed_s": 362.04734017234296,
  "total_elapsed_s": 1587.125121849343,
  "validation_passed": false,
  "input_tokens": 13744496,
  "output_tokens": 60219,
  "total_tokens": 13804715,
  "stall_aborted": false,
  "gen_queue_wait_s": 0.0002895020879805088,
  "val_queue_wait_s": 7624.687892195303
}