{
  "iter": 4,
  "opencode_elapsed_s": 130.207512379,
  "validation_elapsed_s": 502.7209508807864,
  "total_elapsed_s": 632.9284632597864,
  "validation_passed": true,
  "input_tokens": 61623,
  "output_tokens": 2864,
  "total_tokens": 402246,
  "stall_aborted": false,
  "gen_queue_wait_s": 0.00022254115901887417,
  "val_queue_wait_s": 5113.18485999899
}