{
  "iter": 4,
  "opencode_elapsed_s": 257.921325684,
  "validation_elapsed_s": 644.5451404601336,
  "total_elapsed_s": 902.4664661441336,
  "validation_passed": false,
  "input_tokens": 2711611,
  "output_tokens": 15688,
  "total_tokens": 2727299,
  "stall_aborted": false,
  "gen_queue_wait_s": 0.00023695919662714005,
  "val_queue_wait_s": 8700.435815311968
}