{
  "iter": 1,
  "opencode_elapsed_s": 402.630506277,
  "validation_elapsed_s": 900.0035985158756,
  "total_elapsed_s": 1302.6341047928756,
  "validation_passed": false,
  "input_tokens": 5693895,
  "output_tokens": 23779,
  "total_tokens": 5717674,
  "stall_aborted": false,
  "gen_queue_wait_s": 489.06515993503854,
  "val_queue_wait_s": 624.2539682500064
}