{
  "iter": 5,
  "opencode_elapsed_s": 296.424943447,
  "validation_elapsed_s": 352.47168905474246,
  "total_elapsed_s": 648.8966325017425,
  "validation_passed": false,
  "input_tokens": 246435,
  "output_tokens": 11166,
  "total_tokens": 1329820,
  "stall_aborted": false,
  "gen_queue_wait_s": 0.00020221201702952385,
  "val_queue_wait_s": 5799.202374636196
}