{
  "iter": 2,
  "opencode_elapsed_s": 730.927624941,
  "validation_elapsed_s": 876.9499320518225,
  "total_elapsed_s": 1607.8775569928225,
  "validation_passed": true,
  "input_tokens": 2250556,
  "output_tokens": 37106,
  "total_tokens": 2287662,
  "stall_aborted": false,
  "gen_queue_wait_s": 0.00027866894379258156,
  "val_queue_wait_s": 6233.396570647135
}