{
  "iter": 8,
  "opencode_elapsed_s": 2039.243036509,
  "validation_elapsed_s": 351.75178104103543,
  "total_elapsed_s": 2390.9948175500353,
  "validation_passed": false,
  "input_tokens": 9029401,
  "output_tokens": 63597,
  "total_tokens": 9092998,
  "stall_aborted": false,
  "gen_queue_wait_s": 8.325092494487762e-05,
  "val_queue_wait_s": 0.00011150096543133259
}