{
  "iter": 8,
  "opencode_elapsed_s": 208.756097555,
  "validation_elapsed_s": 416.5995261762291,
  "total_elapsed_s": 625.3556237312291,
  "validation_passed": false,
  "input_tokens": 317517,
  "output_tokens": 4721,
  "total_tokens": 1296582,
  "stall_aborted": false,
  "gen_queue_wait_s": 0.00019166525453329086,
  "val_queue_wait_s": 3868.4047929709777
}