{
  "iter": 4,
  "opencode_elapsed_s": 2583.8296175,
  "validation_elapsed_s": 374.25579958362505,
  "total_elapsed_s": 2958.085417083625,
  "validation_passed": false,
  "input_tokens": 21251995,
  "output_tokens": 122615,
  "total_tokens": 21374610,
  "stall_aborted": false,
  "gen_queue_wait_s": 0.0002522091381251812,
  "val_queue_wait_s": 3673.359192476142
}