{
  "iter": 3,
  "opencode_elapsed_s": 877.757483721,
  "validation_elapsed_s": 340.98645908292383,
  "total_elapsed_s": 1218.7439428039238,
  "validation_passed": false,
  "input_tokens": 7060038,
  "output_tokens": 66364,
  "total_tokens": 7126402,
  "stall_aborted": false,
  "gen_queue_wait_s": 0.00018629198893904686,
  "val_queue_wait_s": 10787.701356815174
}