{
  "iter": 1,
  "opencode_elapsed_s": 253.500890493,
  "validation_elapsed_s": 895.3716455120593,
  "total_elapsed_s": 1148.8725360050594,
  "validation_passed": false,
  "input_tokens": 544879,
  "output_tokens": 12693,
  "total_tokens": 3182276,
  "stall_aborted": false,
  "gen_queue_wait_s": 1285.3331238129176,
  "val_queue_wait_s": 2460.52274731081
}