{
  "iter": 5,
  "opencode_elapsed_s": 1806.344662666,
  "validation_elapsed_s": 116.42347704479471,
  "total_elapsed_s": 1922.7681397107947,
  "validation_passed": false,
  "input_tokens": 17594919,
  "output_tokens": 76770,
  "total_tokens": 17671689,
  "stall_aborted": false,
  "gen_queue_wait_s": 0.00011275103315711021,
  "val_queue_wait_s": 1775.9495617570356
}