{
  "iter": 1,
  "opencode_elapsed_s": 280.702088594,
  "validation_elapsed_s": 402.98771600984037,
  "total_elapsed_s": 683.6898046038403,
  "validation_passed": false,
  "input_tokens": 2347166,
  "output_tokens": 12698,
  "total_tokens": 2359864,
  "stall_aborted": false,
  "gen_queue_wait_s": 0.0011571829672902822,
  "val_queue_wait_s": 8.912687189877033e-05
}