{
  "iter": 2,
  "opencode_elapsed_s": 220.128085375,
  "validation_elapsed_s": 900.0011240276508,
  "total_elapsed_s": 1120.1292094026508,
  "validation_passed": false,
  "input_tokens": 93383,
  "output_tokens": 8797,
  "total_tokens": 864515,
  "stall_aborted": false,
  "gen_queue_wait_s": 0.00016766786575317383,
  "val_queue_wait_s": 5048.749065895099
}