{
  "iter": 8,
  "opencode_elapsed_s": 165.433339596,
  "validation_elapsed_s": 353.8293559399899,
  "total_elapsed_s": 519.2626955359899,
  "validation_passed": false,
  "input_tokens": 124465,
  "output_tokens": 7484,
  "total_tokens": 1725061,
  "stall_aborted": false,
  "gen_queue_wait_s": 0.00014941790141165257,
  "val_queue_wait_s": 2681.472592761973
}