{
  "iter": 5,
  "opencode_elapsed_s": 262.31528163,
  "validation_elapsed_s": 399.74425117019564,
  "total_elapsed_s": 662.0595328001957,
  "validation_passed": true,
  "input_tokens": 1835313,
  "output_tokens": 8728,
  "total_tokens": 1844041,
  "stall_aborted": false,
  "gen_queue_wait_s": 0.00020550331100821495,
  "val_queue_wait_s": 839.2611685842276
}