{
  "iter": 2,
  "opencode_elapsed_s": 360.919223309,
  "validation_elapsed_s": 546.5044770124368,
  "total_elapsed_s": 907.4237003214369,
  "validation_passed": false,
  "input_tokens": 2306826,
  "output_tokens": 27504,
  "total_tokens": 2334330,
  "stall_aborted": false,
  "gen_queue_wait_s": 0.00221041776239872,
  "val_queue_wait_s": 7509.370953253005
}