{
  "iter": 1,
  "opencode_elapsed_s": 1055.095689774,
  "validation_elapsed_s": 565.6441374006681,
  "total_elapsed_s": 1620.739827174668,
  "validation_passed": true,
  "input_tokens": 9312715,
  "output_tokens": 38675,
  "total_tokens": 9351390,
  "stall_aborted": false,
  "gen_queue_wait_s": 1395.1882699280977,
  "val_queue_wait_s": 6606.667588979006
}