{
  "iter": 2,
  "opencode_elapsed_s": 195.030991316,
  "validation_elapsed_s": 239.6806297628209,
  "total_elapsed_s": 434.71162107882094,
  "validation_passed": false,
  "input_tokens": 300247,
  "output_tokens": 7007,
  "total_tokens": 1247690,
  "stall_aborted": false,
  "gen_queue_wait_s": 507.43575515411794,
  "val_queue_wait_s": 4811.148901471868
}