{
  "iter": 2,
  "opencode_elapsed_s": 550.735985994,
  "validation_elapsed_s": 588.1462181340903,
  "total_elapsed_s": 1138.8822041280903,
  "validation_passed": false,
  "input_tokens": 2017883,
  "output_tokens": 24766,
  "total_tokens": 2042649,
  "stall_aborted": false,
  "gen_queue_wait_s": 0.00018875161185860634,
  "val_queue_wait_s": 6335.938992676791
}