{
  "iter": 3,
  "opencode_elapsed_s": 602.917669296,
  "validation_elapsed_s": 403.57083308696747,
  "total_elapsed_s": 1006.4885023829675,
  "validation_passed": true,
  "input_tokens": 9880045,
  "output_tokens": 40252,
  "total_tokens": 9920297,
  "stall_aborted": false,
  "gen_queue_wait_s": 0.00030050287023186684,
  "val_queue_wait_s": 7240.073973203078
}