{
  "iter": 2,
  "opencode_elapsed_s": 268.044116974,
  "validation_elapsed_s": 900.0024203020148,
  "total_elapsed_s": 1168.0465372760148,
  "validation_passed": false,
  "input_tokens": 54536,
  "output_tokens": 6591,
  "total_tokens": 385171,
  "stall_aborted": false,
  "gen_queue_wait_s": 0.00019654631614685059,
  "val_queue_wait_s": 1256.6507934890687
}