{
  "iter": 9,
  "opencode_elapsed_s": 291.019362926,
  "validation_elapsed_s": 299.2723113480024,
  "total_elapsed_s": 590.2916742740024,
  "validation_passed": false,
  "input_tokens": 204292,
  "output_tokens": 8205,
  "total_tokens": 1778748,
  "stall_aborted": false,
  "gen_queue_wait_s": 0.00019646203145384789,
  "val_queue_wait_s": 5687.397388807964
}