{
  "iter": 7,
  "opencode_elapsed_s": 1130.906804562,
  "validation_elapsed_s": 130.5930362539366,
  "total_elapsed_s": 1261.4998408159365,
  "validation_passed": false,
  "input_tokens": 8255331,
  "output_tokens": 33709,
  "total_tokens": 8289040,
  "stall_aborted": false,
  "gen_queue_wait_s": 157.2362312800251,
  "val_queue_wait_s": 1701.1774354069494
}