{
  "elapsed_s": 63.02826729998924,
  "perturbation_seed": 1985148310,
  "perturbation_value": 0.09929143538911908,
  "output_file_name": "validation_output.bin"
}