{
  "iter": 1,
  "opencode_elapsed_s": 318.600558281,
  "validation_elapsed_s": 198.5039361428935,
  "total_elapsed_s": 517.1044944238936,
  "validation_passed": false,
  "input_tokens": 637992,
  "output_tokens": 13100,
  "total_tokens": 2888896,
  "stall_aborted": false,
  "gen_queue_wait_s": 427.4222258059308,
  "val_queue_wait_s": 1334.0399007969536
}