{
  "iter": 10,
  "opencode_elapsed_s": 222.219748259,
  "validation_elapsed_s": 286.9214840340428,
  "total_elapsed_s": 509.1412322930428,
  "validation_passed": false,
  "input_tokens": 109604,
  "output_tokens": 7289,
  "total_tokens": 1295354,
  "stall_aborted": false,
  "gen_queue_wait_s": 7.320893928408623e-05,
  "val_queue_wait_s": 3862.231216596905
}