{
  "iter": 1,
  "opencode_elapsed_s": 1837.256318569,
  "validation_elapsed_s": 900.0012678019702,
  "total_elapsed_s": 2737.2575863709703,
  "validation_passed": false,
  "input_tokens": 17981092,
  "output_tokens": 61706,
  "total_tokens": 18042798,
  "stall_aborted": false,
  "gen_queue_wait_s": 889.5846795011312,
  "val_queue_wait_s": 3458.215382605791
}