{
  "iter": 2,
  "opencode_elapsed_s": 826.40328002,
  "validation_elapsed_s": 464.77046252181754,
  "total_elapsed_s": 1291.1737425418175,
  "validation_passed": true,
  "input_tokens": 2177803,
  "output_tokens": 18391,
  "total_tokens": 2196194,
  "stall_aborted": false,
  "gen_queue_wait_s": 1613.959656113293,
  "val_queue_wait_s": 5451.712909080088
}