{
  "iter": 3,
  "opencode_elapsed_s": 278.478920937,
  "validation_elapsed_s": 123.22389117488638,
  "total_elapsed_s": 401.7028121118864,
  "validation_passed": false,
  "input_tokens": 285335,
  "output_tokens": 9184,
  "total_tokens": 2414433,
  "stall_aborted": false,
  "gen_queue_wait_s": 0.00018053804524242878,
  "val_queue_wait_s": 1612.598945945967
}