{
  "iter": 3,
  "opencode_elapsed_s": 1836.968448162,
  "validation_elapsed_s": 379.4222301892005,
  "total_elapsed_s": 2216.3906783512,
  "validation_passed": true,
  "input_tokens": 12892970,
  "output_tokens": 89382,
  "total_tokens": 12982352,
  "stall_aborted": false,
  "gen_queue_wait_s": 0.00016191694885492325,
  "val_queue_wait_s": 3105.4512640719768
}