{
  "iter": 2,
  "opencode_elapsed_s": 165.86380744,
  "validation_elapsed_s": 668.8457057750784,
  "total_elapsed_s": 834.7095132150783,
  "validation_passed": false,
  "input_tokens": 1523301,
  "output_tokens": 8128,
  "total_tokens": 1531429,
  "stall_aborted": false,
  "gen_queue_wait_s": 0.0002426672726869583,
  "val_queue_wait_s": 8154.085134712048
}