{
  "iter": 8,
  "opencode_elapsed_s": 206.251668215,
  "validation_elapsed_s": 122.28680513286963,
  "total_elapsed_s": 328.5384733478696,
  "validation_passed": false,
  "input_tokens": 325098,
  "output_tokens": 5548,
  "total_tokens": 1335497,
  "stall_aborted": false,
  "gen_queue_wait_s": 0.00019729090854525566,
  "val_queue_wait_s": 4157.408395754173
}