{
  "iter": 2,
  "opencode_elapsed_s": 369.069002628,
  "validation_elapsed_s": 518.8130593588576,
  "total_elapsed_s": 887.8820619868576,
  "validation_passed": false,
  "input_tokens": 3096217,
  "output_tokens": 15077,
  "total_tokens": 3111294,
  "stall_aborted": false,
  "gen_queue_wait_s": 0.0,
  "val_queue_wait_s": 1836.8411717661656
}