{
  "elapsed_s": 204.78930177981965,
  "perturbation_seed": 1350606481,
  "perturbation_value": 600.9264971114454,
  "output_file_name": "validation_output.bin"
}