{
  "iter": 3,
  "opencode_elapsed_s": 1360.45817399,
  "validation_elapsed_s": 283.1606674375944,
  "total_elapsed_s": 1643.6188414275944,
  "validation_passed": true,
  "input_tokens": 15693004,
  "output_tokens": 97417,
  "total_tokens": 15790421,
  "stall_aborted": false,
  "gen_queue_wait_s": 0.000110626220703125,
  "val_queue_wait_s": 6076.530279124156
}