{
  "iter": 6,
  "opencode_elapsed_s": 491.919055939,
  "validation_elapsed_s": 900.0012170360424,
  "total_elapsed_s": 1391.9202729750423,
  "validation_passed": false,
  "input_tokens": 8300304,
  "output_tokens": 29126,
  "total_tokens": 8329430,
  "stall_aborted": false,
  "gen_queue_wait_s": 0.00019783386960625648,
  "val_queue_wait_s": 3252.011762861628
}