{
  "iter": 2,
  "opencode_elapsed_s": 150.979110241,
  "validation_elapsed_s": 52.599599157925695,
  "total_elapsed_s": 203.5787093989257,
  "validation_passed": false,
  "input_tokens": 189419,
  "output_tokens": 3900,
  "total_tokens": 543398,
  "stall_aborted": false,
  "gen_queue_wait_s": 923.591516951099,
  "val_queue_wait_s": 3447.928274255246
}