{
  "iter": 10,
  "opencode_elapsed_s": 261.016283274,
  "validation_elapsed_s": 590.459311958868,
  "total_elapsed_s": 851.475595232868,
  "validation_passed": true,
  "input_tokens": 108041,
  "output_tokens": 8167,
  "total_tokens": 1476560,
  "stall_aborted": false,
  "gen_queue_wait_s": 0.00017954083159565926,
  "val_queue_wait_s": 98.4697251310572
}