{
  "iter": 7,
  "opencode_elapsed_s": 326.051671743,
  "validation_elapsed_s": 425.79714510869235,
  "total_elapsed_s": 751.8488168516924,
  "validation_passed": false,
  "input_tokens": 80724,
  "output_tokens": 5823,
  "total_tokens": 944695,
  "stall_aborted": false,
  "gen_queue_wait_s": 0.00018416903913021088,
  "val_queue_wait_s": 442.65384621266276
}