{
  "iter": 6,
  "opencode_elapsed_s": 378.048888683,
  "validation_elapsed_s": 411.5392342242412,
  "total_elapsed_s": 789.5881229072412,
  "validation_passed": false,
  "input_tokens": 310070,
  "output_tokens": 11451,
  "total_tokens": 2131836,
  "stall_aborted": false,
  "gen_queue_wait_s": 0.0001775398850440979,
  "val_queue_wait_s": 3899.877646418754
}