{
  "iter": 2,
  "opencode_elapsed_s": 459.271425247,
  "validation_elapsed_s": 242.7990669729188,
  "total_elapsed_s": 702.0704922199188,
  "validation_passed": false,
  "input_tokens": 610101,
  "output_tokens": 16919,
  "total_tokens": 2729614,
  "stall_aborted": false,
  "gen_queue_wait_s": 1115.356491100043,
  "val_queue_wait_s": 4926.340611380059
}