{
  "iter": 1,
  "opencode_elapsed_s": 1135.939406157,
  "validation_elapsed_s": 900.0039282129146,
  "total_elapsed_s": 2035.9433343699145,
  "validation_passed": false,
  "input_tokens": 6536416,
  "output_tokens": 36228,
  "total_tokens": 6572644,
  "stall_aborted": false,
  "gen_queue_wait_s": 2586.499017587863,
  "val_queue_wait_s": 7932.95815227367
}