{
  "iter": 2,
  "opencode_elapsed_s": 849.061210155,
  "validation_elapsed_s": 606.7448386093602,
  "total_elapsed_s": 1455.8060487643602,
  "validation_passed": true,
  "input_tokens": 5379054,
  "output_tokens": 36609,
  "total_tokens": 5415663,
  "stall_aborted": false,
  "gen_queue_wait_s": 0.0002265837974846363,
  "val_queue_wait_s": 7302.257237095851
}