{
  "iter": 8,
  "opencode_elapsed_s": 2813.882415771,
  "validation_elapsed_s": 178.0274932421744,
  "total_elapsed_s": 2991.9099090131745,
  "validation_passed": false,
  "input_tokens": 19795630,
  "output_tokens": 114498,
  "total_tokens": 19910128,
  "stall_aborted": false,
  "gen_queue_wait_s": 0.0002332502044737339,
  "val_queue_wait_s": 465.27854755474254
}