{
  "iter": 4,
  "opencode_elapsed_s": 341.514786959,
  "validation_elapsed_s": 606.7444638188463,
  "total_elapsed_s": 948.2592507778463,
  "validation_passed": false,
  "input_tokens": 130861,
  "output_tokens": 5494,
  "total_tokens": 2575146,
  "stall_aborted": false,
  "gen_queue_wait_s": 0.00020879297517240047,
  "val_queue_wait_s": 6627.025202505989
}