{
  "iter": 7,
  "opencode_elapsed_s": 381.096864462,
  "validation_elapsed_s": 376.41632996685803,
  "total_elapsed_s": 757.513194428858,
  "validation_passed": true,
  "input_tokens": 493286,
  "output_tokens": 6501,
  "total_tokens": 1830152,
  "stall_aborted": false,
  "gen_queue_wait_s": 0.00018283305689692497,
  "val_queue_wait_s": 3841.235766687896
}