{
  "iter": 7,
  "opencode_elapsed_s": 108.472708225,
  "validation_elapsed_s": 515.83182952879,
  "total_elapsed_s": 624.30453775379,
  "validation_passed": false,
  "input_tokens": 198801,
  "output_tokens": 3187,
  "total_tokens": 615898,
  "stall_aborted": false,
  "gen_queue_wait_s": 0.00014541763812303543,
  "val_queue_wait_s": 3851.433176869992
}