{
  "iter": 3,
  "opencode_elapsed_s": 1587.918227673,
  "validation_elapsed_s": 261.5142868021503,
  "total_elapsed_s": 1849.4325144751504,
  "validation_passed": false,
  "input_tokens": 12531969,
  "output_tokens": 74385,
  "total_tokens": 12606354,
  "stall_aborted": false,
  "gen_queue_wait_s": 0.00016758404672145844,
  "val_queue_wait_s": 4085.1202233158983
}