{
  "iter": 1,
  "opencode_elapsed_s": 1307.730630398,
  "validation_elapsed_s": 145.86375727131963,
  "total_elapsed_s": 1453.5943876693195,
  "validation_passed": false,
  "input_tokens": 15227459,
  "output_tokens": 51703,
  "total_tokens": 15279162,
  "stall_aborted": false,
  "gen_queue_wait_s": 726.2011541686952,
  "val_queue_wait_s": 3732.865305138752
}