{
  "iter": 4,
  "opencode_elapsed_s": 444.888184071,
  "validation_elapsed_s": 378.85138663090765,
  "total_elapsed_s": 823.7395707019077,
  "validation_passed": false,
  "input_tokens": 96724,
  "output_tokens": 3664,
  "total_tokens": 339812,
  "stall_aborted": false,
  "gen_queue_wait_s": 0.00017799902707338333,
  "val_queue_wait_s": 4076.022646359168
}