{
  "iter": 5,
  "opencode_elapsed_s": 913.589498997,
  "validation_elapsed_s": 349.7904951660894,
  "total_elapsed_s": 1263.3799941630893,
  "validation_passed": false,
  "input_tokens": 10241669,
  "output_tokens": 65564,
  "total_tokens": 10307233,
  "stall_aborted": false,
  "gen_queue_wait_s": 6.208382546901703e-05,
  "val_queue_wait_s": 3324.6412001317367
}