{
  "iter": 2,
  "opencode_elapsed_s": 342.965341091,
  "validation_elapsed_s": 465.4462942609098,
  "total_elapsed_s": 808.4116353519098,
  "validation_passed": true,
  "input_tokens": 309223,
  "output_tokens": 6063,
  "total_tokens": 1448591,
  "stall_aborted": false,
  "gen_queue_wait_s": 0.00018141302280128002,
  "val_queue_wait_s": 3531.344988632947
}