{
  "iter": 10,
  "opencode_elapsed_s": 555.003163099,
  "validation_elapsed_s": 395.4206004301086,
  "total_elapsed_s": 950.4237635291086,
  "validation_passed": false,
  "input_tokens": 7169735,
  "output_tokens": 32177,
  "total_tokens": 7201912,
  "stall_aborted": false,
  "gen_queue_wait_s": 0.0001856680028140545,
  "val_queue_wait_s": 334.6974075557664
}