{
  "iter": 7,
  "opencode_elapsed_s": 238.260453701,
  "validation_elapsed_s": 354.57870172709227,
  "total_elapsed_s": 592.8391554280922,
  "validation_passed": false,
  "input_tokens": 131903,
  "output_tokens": 7201,
  "total_tokens": 1900527,
  "stall_aborted": false,
  "gen_queue_wait_s": 0.00019762525334954262,
  "val_queue_wait_s": 312.268734134268
}