{
  "iter": 5,
  "opencode_elapsed_s": 173.877775908,
  "validation_elapsed_s": 125.66548989992589,
  "total_elapsed_s": 299.5432658079259,
  "validation_passed": false,
  "input_tokens": 139798,
  "output_tokens": 7134,
  "total_tokens": 1282416,
  "stall_aborted": false,
  "gen_queue_wait_s": 0.00020967191085219383,
  "val_queue_wait_s": 1496.9036661491264
}