{
  "iter": 9,
  "opencode_elapsed_s": 341.702820778,
  "validation_elapsed_s": 92.56516057392582,
  "total_elapsed_s": 434.2679813519258,
  "validation_passed": false,
  "input_tokens": 240476,
  "output_tokens": 8554,
  "total_tokens": 3314507,
  "stall_aborted": false,
  "gen_queue_wait_s": 0.00017866771668195724,
  "val_queue_wait_s": 6616.9988053650595
}