{
  "iter": 3,
  "opencode_elapsed_s": 140.157357693,
  "validation_elapsed_s": 428.978545113001,
  "total_elapsed_s": 569.135902806001,
  "validation_passed": true,
  "input_tokens": 143236,
  "output_tokens": 4029,
  "total_tokens": 630704,
  "stall_aborted": false,
  "gen_queue_wait_s": 0.00017216894775629044,
  "val_queue_wait_s": 2153.6354915159754
}