{
  "iter": 6,
  "opencode_elapsed_s": 452.264758348,
  "validation_elapsed_s": 392.73989913705736,
  "total_elapsed_s": 845.0046574850574,
  "validation_passed": false,
  "input_tokens": 4475682,
  "output_tokens": 31769,
  "total_tokens": 4507451,
  "stall_aborted": false,
  "gen_queue_wait_s": 9.025027975440025e-05,
  "val_queue_wait_s": 3253.9337597489357
}