{
  "iter": 2,
  "opencode_elapsed_s": 257.318843126,
  "validation_elapsed_s": 390.63755438895896,
  "total_elapsed_s": 647.956397514959,
  "validation_passed": false,
  "input_tokens": 376476,
  "output_tokens": 9573,
  "total_tokens": 1532845,
  "stall_aborted": false,
  "gen_queue_wait_s": 130.3699622922577,
  "val_queue_wait_s": 4968.134571851231
}