{
  "iter": 1,
  "opencode_elapsed_s": 929.242059946,
  "validation_elapsed_s": 767.7677372363396,
  "total_elapsed_s": 1697.0097971823398,
  "validation_passed": false,
  "input_tokens": 608584,
  "output_tokens": 12915,
  "total_tokens": 3271170,
  "stall_aborted": false,
  "gen_queue_wait_s": 977.6833007354289,
  "val_queue_wait_s": 3376.9733707439154
}