{
  "iter": 8,
  "opencode_elapsed_s": 257.789442062,
  "validation_elapsed_s": 617.3603366930038,
  "total_elapsed_s": 875.1497787550038,
  "validation_passed": false,
  "input_tokens": 90930,
  "output_tokens": 7008,
  "total_tokens": 1021877,
  "stall_aborted": false,
  "gen_queue_wait_s": 0.00024525285698473454,
  "val_queue_wait_s": 2340.145569383865
}