{
  "iter": 2,
  "opencode_elapsed_s": 875.196356058,
  "validation_elapsed_s": 778.754039759282,
  "total_elapsed_s": 1653.950395817282,
  "validation_passed": false,
  "input_tokens": 11279714,
  "output_tokens": 37785,
  "total_tokens": 11317499,
  "stall_aborted": false,
  "gen_queue_wait_s": 8.933339267969131e-05,
  "val_queue_wait_s": 11285.091263209935
}