{
  "iter": 1,
  "opencode_elapsed_s": 318.878577232,
  "validation_elapsed_s": 92.80240613920614,
  "total_elapsed_s": 411.68098337120614,
  "validation_passed": false,
  "input_tokens": 875393,
  "output_tokens": 16489,
  "total_tokens": 4896884,
  "stall_aborted": false,
  "gen_queue_wait_s": 658.5734773371369,
  "val_queue_wait_s": 1110.8225435740314
}