{
  "iter": 4,
  "opencode_elapsed_s": 305.347446203,
  "validation_elapsed_s": 316.8879667110741,
  "total_elapsed_s": 622.2354129140741,
  "validation_passed": false,
  "input_tokens": 155433,
  "output_tokens": 6960,
  "total_tokens": 717720,
  "stall_aborted": false,
  "gen_queue_wait_s": 7.475004531443119e-05,
  "val_queue_wait_s": 10865.305816133041
}