{
  "iter": 11,
  "opencode_elapsed_s": 169.087359428,
  "validation_elapsed_s": 193.2447518070694,
  "total_elapsed_s": 362.3321112350694,
  "validation_passed": false,
  "input_tokens": 244581,
  "output_tokens": 5252,
  "total_tokens": 1025608,
  "stall_aborted": false,
  "gen_queue_wait_s": 0.0001592088956385851,
  "val_queue_wait_s": 1776.2413614280522
}