{
  "iter": 2,
  "opencode_elapsed_s": 147.338089466,
  "validation_elapsed_s": 620.8072695459705,
  "total_elapsed_s": 768.1453590119705,
  "validation_passed": false,
  "input_tokens": 187723,
  "output_tokens": 4651,
  "total_tokens": 916141,
  "stall_aborted": false,
  "gen_queue_wait_s": 0.00011746096424758434,
  "val_queue_wait_s": 1362.5916265188716
}