{
  "iter": 6,
  "opencode_elapsed_s": 433.90935874,
  "validation_elapsed_s": 649.1071241586469,
  "total_elapsed_s": 1083.016482898647,
  "validation_passed": true,
  "input_tokens": 4620972,
  "output_tokens": 25499,
  "total_tokens": 4646471,
  "stall_aborted": false,
  "gen_queue_wait_s": 0.00021650083363056183,
  "val_queue_wait_s": 1311.2435998190194
}