{
  "iter": 10,
  "opencode_elapsed_s": 11.829444885,
  "validation_elapsed_s": 193.57189305312932,
  "total_elapsed_s": 205.4013379381293,
  "validation_passed": false,
  "input_tokens": 16131,
  "output_tokens": 431,
  "total_tokens": 16640,
  "stall_aborted": false,
  "gen_queue_wait_s": 0.00019858195446431637,
  "val_queue_wait_s": 1685.727345959982
}