{
  "iter": 5,
  "opencode_elapsed_s": 160.961517811,
  "validation_elapsed_s": 433.0837844312191,
  "total_elapsed_s": 594.0453022422191,
  "validation_passed": false,
  "input_tokens": 96426,
  "output_tokens": 6752,
  "total_tokens": 1012999,
  "stall_aborted": false,
  "gen_queue_wait_s": 0.00013537611812353134,
  "val_queue_wait_s": 194.64471253287047
}