{
  "iter": 3,
  "opencode_elapsed_s": 92.92037487,
  "validation_elapsed_s": 403.4099989500828,
  "total_elapsed_s": 496.3303738200828,
  "validation_passed": false,
  "input_tokens": 120983,
  "output_tokens": 2967,
  "total_tokens": 372869,
  "stall_aborted": false,
  "gen_queue_wait_s": 8.362391963601112e-05,
  "val_queue_wait_s": 2009.4245501896366
}