{
  "iter": 3,
  "opencode_elapsed_s": 134.869411945,
  "validation_elapsed_s": 412.7254224449862,
  "total_elapsed_s": 547.5948343899862,
  "validation_passed": false,
  "input_tokens": 64027,
  "output_tokens": 4103,
  "total_tokens": 761455,
  "stall_aborted": false,
  "gen_queue_wait_s": 0.00017937691882252693,
  "val_queue_wait_s": 5629.871761768125
}