{
  "iter": 6,
  "opencode_elapsed_s": 557.010234118,
  "validation_elapsed_s": 395.94696485693567,
  "total_elapsed_s": 952.9571989749356,
  "validation_passed": true,
  "input_tokens": 797965,
  "output_tokens": 14969,
  "total_tokens": 5914616,
  "stall_aborted": false,
  "gen_queue_wait_s": 0.00019638193771243095,
  "val_queue_wait_s": 2166.6566214230843
}