{
  "elapsed_s": 62.102734654909,
  "perturbation_seed": 13572513,
  "perturbation_value": 0.09923602564604939,
  "output_file_name": "validation_output.bin"
}