{
  "iter": 9,
  "opencode_elapsed_s": 1968.578139782,
  "validation_elapsed_s": 390.76169853284955,
  "total_elapsed_s": 2359.3398383148497,
  "validation_passed": false,
  "input_tokens": 18449459,
  "output_tokens": 91646,
  "total_tokens": 18541105,
  "stall_aborted": false,
  "gen_queue_wait_s": 0.00020308420062065125,
  "val_queue_wait_s": 0.00010195886716246605
}