{
  "iter": 2,
  "opencode_elapsed_s": 99.05071044,
  "validation_elapsed_s": 382.85684709693305,
  "total_elapsed_s": 481.90755753693304,
  "validation_passed": false,
  "input_tokens": 95169,
  "output_tokens": 3615,
  "total_tokens": 586254,
  "stall_aborted": false,
  "gen_queue_wait_s": 0.00020345882512629032,
  "val_queue_wait_s": 5749.399795947829
}