{
  "iter": 4,
  "opencode_elapsed_s": 162.979189396,
  "validation_elapsed_s": 493.08432417106815,
  "total_elapsed_s": 656.0635135670682,
  "validation_passed": false,
  "input_tokens": 123907,
  "output_tokens": 6426,
  "total_tokens": 1064787,
  "stall_aborted": false,
  "gen_queue_wait_s": 0.00015774881467223167,
  "val_queue_wait_s": 9908.997582775075
}