{
  "iter": 6,
  "opencode_elapsed_s": 244.678658247,
  "validation_elapsed_s": 232.9406293029897,
  "total_elapsed_s": 477.6192875499897,
  "validation_passed": false,
  "input_tokens": 116527,
  "output_tokens": 8358,
  "total_tokens": 1236272,
  "stall_aborted": false,
  "gen_queue_wait_s": 0.00016637379303574562,
  "val_queue_wait_s": 3895.7489635990933
}