{
  "iter": 1,
  "opencode_elapsed_s": 235.588228226,
  "validation_elapsed_s": 163.48322320682928,
  "total_elapsed_s": 399.0714514328293,
  "validation_passed": false,
  "input_tokens": 572176,
  "output_tokens": 9243,
  "total_tokens": 1803453,
  "stall_aborted": false,
  "gen_queue_wait_s": 1581.6005102971103,
  "val_queue_wait_s": 2374.046008114936
}