{
  "iter": 6,
  "opencode_elapsed_s": 265.89246273,
  "validation_elapsed_s": 378.33119679102674,
  "total_elapsed_s": 644.2236595210268,
  "validation_passed": false,
  "input_tokens": 171531,
  "output_tokens": 5595,
  "total_tokens": 1195648,
  "stall_aborted": false,
  "gen_queue_wait_s": 0.00019608065485954285,
  "val_queue_wait_s": 420.7675655102357
}