{
  "iter": 1,
  "opencode_elapsed_s": 796.952830791,
  "validation_elapsed_s": 900.0021801581606,
  "total_elapsed_s": 1696.9550109491606,
  "validation_passed": false,
  "input_tokens": 5022491,
  "output_tokens": 30196,
  "total_tokens": 5052687,
  "stall_aborted": false,
  "gen_queue_wait_s": 1765.8026774860919,
  "val_queue_wait_s": 6577.959181197919
}