{
  "iter": 2,
  "opencode_elapsed_s": 670.919688463,
  "validation_elapsed_s": 380.2575610787608,
  "total_elapsed_s": 1051.1772495417608,
  "validation_passed": false,
  "input_tokens": 8533222,
  "output_tokens": 41152,
  "total_tokens": 8574374,
  "stall_aborted": false,
  "gen_queue_wait_s": 0.0,
  "val_queue_wait_s": 2391.557806218043
}