{
  "iter": 3,
  "opencode_elapsed_s": 189.801477194,
  "validation_elapsed_s": 783.3928211810999,
  "total_elapsed_s": 973.1942983750998,
  "validation_passed": false,
  "input_tokens": 531225,
  "output_tokens": 8663,
  "total_tokens": 539888,
  "stall_aborted": false,
  "gen_queue_wait_s": 0.00013254163786768913,
  "val_queue_wait_s": 12875.871540320106
}