{
  "iter": 2,
  "opencode_elapsed_s": 1141.851536989,
  "validation_elapsed_s": 480.12906301394105,
  "total_elapsed_s": 1621.980600002941,
  "validation_passed": false,
  "input_tokens": 12531017,
  "output_tokens": 48845,
  "total_tokens": 12579862,
  "stall_aborted": false,
  "gen_queue_wait_s": 1.2027693029958755,
  "val_queue_wait_s": 6418.0012652720325
}