{
  "iter": 2,
  "opencode_elapsed_s": 643.084092379,
  "validation_elapsed_s": 900.0074493028224,
  "total_elapsed_s": 1543.0915416818225,
  "validation_passed": false,
  "input_tokens": 3451092,
  "output_tokens": 26557,
  "total_tokens": 3477649,
  "stall_aborted": false,
  "gen_queue_wait_s": 0.00016812607645988464,
  "val_queue_wait_s": 6693.112537191715
}