{
  "iter": 5,
  "opencode_elapsed_s": 209.655236244,
  "validation_elapsed_s": 197.0016653118655,
  "total_elapsed_s": 406.6569015558655,
  "validation_passed": false,
  "input_tokens": 502414,
  "output_tokens": 6832,
  "total_tokens": 1201535,
  "stall_aborted": false,
  "gen_queue_wait_s": 0.00016779405996203423,
  "val_queue_wait_s": 1256.0394683741033
}