{
  "iter": 3,
  "opencode_elapsed_s": 150.57605958,
  "validation_elapsed_s": 354.4101302633062,
  "total_elapsed_s": 504.9861898433062,
  "validation_passed": false,
  "input_tokens": 116081,
  "output_tokens": 3849,
  "total_tokens": 994027,
  "stall_aborted": false,
  "gen_queue_wait_s": 0.0001612100750207901,
  "val_queue_wait_s": 238.01802952820435
}