{
  "iter": 7,
  "opencode_elapsed_s": 229.576742411,
  "validation_elapsed_s": 155.51966604101472,
  "total_elapsed_s": 385.0964084520147,
  "validation_passed": false,
  "input_tokens": 189348,
  "output_tokens": 9677,
  "total_tokens": 2183177,
  "stall_aborted": false,
  "gen_queue_wait_s": 0.00021704216487705708,
  "val_queue_wait_s": 3874.191143293865
}