{
  "iter": 5,
  "opencode_elapsed_s": 529.523583651,
  "validation_elapsed_s": 492.72265386395156,
  "total_elapsed_s": 1022.2462375149515,
  "validation_passed": false,
  "input_tokens": 5192361,
  "output_tokens": 38395,
  "total_tokens": 5230756,
  "stall_aborted": false,
  "gen_queue_wait_s": 8.254218846559525e-05,
  "val_queue_wait_s": 3545.442628057208
}