{
  "iter": 2,
  "opencode_elapsed_s": 38.364176273,
  "validation_elapsed_s": 382.69306641304865,
  "total_elapsed_s": 421.05724268604865,
  "validation_passed": false,
  "input_tokens": 163492,
  "output_tokens": 1468,
  "total_tokens": 164960,
  "stall_aborted": false,
  "gen_queue_wait_s": 2835.1071604648605,
  "val_queue_wait_s": 3841.450349039864
}