{
  "iter": 1,
  "opencode_elapsed_s": 720.944881916,
  "validation_elapsed_s": 522.0696987323463,
  "total_elapsed_s": 1243.0145806483463,
  "validation_passed": false,
  "input_tokens": 7845308,
  "output_tokens": 47206,
  "total_tokens": 7892514,
  "stall_aborted": false,
  "gen_queue_wait_s": 583.1522590960376,
  "val_queue_wait_s": 3477.054321621079
}