{
  "iter": 2,
  "opencode_elapsed_s": 416.215875864,
  "validation_elapsed_s": 440.22143007209525,
  "total_elapsed_s": 856.4373059360953,
  "validation_passed": false,
  "input_tokens": 175384,
  "output_tokens": 7961,
  "total_tokens": 1596256,
  "stall_aborted": false,
  "gen_queue_wait_s": 0.000182789983227849,
  "val_queue_wait_s": 1479.2530391409528
}