{
  "iter": 3,
  "opencode_elapsed_s": 310.356831789,
  "validation_elapsed_s": 236.46213717898354,
  "total_elapsed_s": 546.8189689679836,
  "validation_passed": false,
  "input_tokens": 245408,
  "output_tokens": 8598,
  "total_tokens": 1850751,
  "stall_aborted": false,
  "gen_queue_wait_s": 0.00019545899704098701,
  "val_queue_wait_s": 5516.764144835994
}