{
  "iter": 7,
  "opencode_elapsed_s": 489.684228182,
  "validation_elapsed_s": 444.1921837320551,
  "total_elapsed_s": 933.8764119140551,
  "validation_passed": false,
  "input_tokens": 133818,
  "output_tokens": 7937,
  "total_tokens": 1384111,
  "stall_aborted": false,
  "gen_queue_wait_s": 0.00014283601194620132,
  "val_queue_wait_s": 3342.297305336222
}