{
  "iter": 10,
  "opencode_elapsed_s": 302.059446812,
  "validation_elapsed_s": 404.47379154199734,
  "total_elapsed_s": 706.5332383539974,
  "validation_passed": false,
  "input_tokens": 158730,
  "output_tokens": 8476,
  "total_tokens": 2301178,
  "stall_aborted": false,
  "gen_queue_wait_s": 0.00012966804206371307,
  "val_queue_wait_s": 2866.109875122085
}