{
  "elapsed_s": 109.16720614721999,
  "perturbation_seed": 1363531581,
  "perturbation_value": 1.3912595849561364,
  "output_file_name": "validation_output.bin"
}