{
  "iter": 1,
  "opencode_elapsed_s": 418.532938004,
  "validation_elapsed_s": 464.36200195364654,
  "total_elapsed_s": 882.8949399576466,
  "validation_passed": false,
  "input_tokens": 4466895,
  "output_tokens": 14728,
  "total_tokens": 4481623,
  "stall_aborted": false,
  "gen_queue_wait_s": 2155.744965594262,
  "val_queue_wait_s": 7475.834330039099
}