{
  "iter": 4,
  "opencode_elapsed_s": 152.115305662,
  "validation_elapsed_s": 148.38324726512656,
  "total_elapsed_s": 300.4985529271265,
  "validation_passed": false,
  "input_tokens": 258170,
  "output_tokens": 5413,
  "total_tokens": 799849,
  "stall_aborted": false,
  "gen_queue_wait_s": 0.0001823771744966507,
  "val_queue_wait_s": 4877.177032863721
}