{
  "iter": 1,
  "opencode_elapsed_s": 576.782762766,
  "validation_elapsed_s": 628.0230852998793,
  "total_elapsed_s": 1204.8058480658792,
  "validation_passed": true,
  "input_tokens": 2285522,
  "output_tokens": 12673,
  "total_tokens": 2298195,
  "stall_aborted": false,
  "gen_queue_wait_s": 0.0017485469579696655,
  "val_queue_wait_s": 2.8091531391255558
}