{
  "iter": 9,
  "opencode_elapsed_s": 2473.233704805,
  "validation_elapsed_s": 394.13398547982797,
  "total_elapsed_s": 2867.367690284828,
  "validation_passed": false,
  "input_tokens": 30033719,
  "output_tokens": 116126,
  "total_tokens": 30149845,
  "stall_aborted": false,
  "gen_queue_wait_s": 0.0001850421540439129,
  "val_queue_wait_s": 1.5243345210328698
}