{
  "iter": 2,
  "opencode_elapsed_s": 345.3269732,
  "validation_elapsed_s": 238.94922547088936,
  "total_elapsed_s": 584.2761986708894,
  "validation_passed": false,
  "input_tokens": 138394,
  "output_tokens": 3510,
  "total_tokens": 416280,
  "stall_aborted": false,
  "gen_queue_wait_s": 7.875217124819756e-05,
  "val_queue_wait_s": 1894.6443775743246
}