{
  "iter": 10,
  "opencode_elapsed_s": 653.493940115,
  "validation_elapsed_s": 195.5681812861003,
  "total_elapsed_s": 849.0621214011003,
  "validation_passed": false,
  "input_tokens": 7721998,
  "output_tokens": 43585,
  "total_tokens": 7765583,
  "stall_aborted": false,
  "gen_queue_wait_s": 0.0001505841501057148,
  "val_queue_wait_s": 584.8464835276827
}