{
  "iter": 2,
  "opencode_elapsed_s": 143.350033522,
  "validation_elapsed_s": 272.0149075931404,
  "total_elapsed_s": 415.36494111514037,
  "validation_passed": false,
  "input_tokens": 251089,
  "output_tokens": 5189,
  "total_tokens": 603507,
  "stall_aborted": false,
  "gen_queue_wait_s": 686.320875467034,
  "val_queue_wait_s": 5509.5792137810495
}