{
  "iter": 1,
  "opencode_elapsed_s": 1435.354628563,
  "validation_elapsed_s": 92.52378167118877,
  "total_elapsed_s": 1527.8784102341888,
  "validation_passed": false,
  "input_tokens": 8622893,
  "output_tokens": 74963,
  "total_tokens": 8697856,
  "stall_aborted": false,
  "gen_queue_wait_s": 1218.965141105,
  "val_queue_wait_s": 4498.458706759149
}