{
  "iter": 5,
  "opencode_elapsed_s": 1139.135787487,
  "validation_elapsed_s": 636.4375188669655,
  "total_elapsed_s": 1775.5733063539656,
  "validation_passed": false,
  "input_tokens": 5447252,
  "output_tokens": 43835,
  "total_tokens": 5491087,
  "stall_aborted": false,
  "gen_queue_wait_s": 0.00021041720174252987,
  "val_queue_wait_s": 2232.217131501995
}