{
  "iter": 5,
  "opencode_elapsed_s": 2001.65400219,
  "validation_elapsed_s": 336.99926994298585,
  "total_elapsed_s": 2338.653272132986,
  "validation_passed": false,
  "input_tokens": 17644618,
  "output_tokens": 83628,
  "total_tokens": 17728246,
  "stall_aborted": false,
  "gen_queue_wait_s": 0.00018704193644225597,
  "val_queue_wait_s": 1447.1286310700234
}