{
  "iter": 7,
  "opencode_elapsed_s": 132.155475616,
  "validation_elapsed_s": 383.68754127575085,
  "total_elapsed_s": 515.8430168917508,
  "validation_passed": false,
  "input_tokens": 52042,
  "output_tokens": 3078,
  "total_tokens": 324329,
  "stall_aborted": false,
  "gen_queue_wait_s": 0.00023992080241441727,
  "val_queue_wait_s": 3776.832204405684
}