{
  "iter": 2,
  "opencode_elapsed_s": 906.598412037,
  "validation_elapsed_s": 392.4930402273312,
  "total_elapsed_s": 1299.091452264331,
  "validation_passed": false,
  "input_tokens": 12069159,
  "output_tokens": 67490,
  "total_tokens": 12136649,
  "stall_aborted": false,
  "gen_queue_wait_s": 0.0,
  "val_queue_wait_s": 0.010336786974221468
}