{
  "iter": 1,
  "opencode_elapsed_s": 649.33596921,
  "validation_elapsed_s": 586.4795143329538,
  "total_elapsed_s": 1235.8154835429539,
  "validation_passed": false,
  "input_tokens": 3631955,
  "output_tokens": 31573,
  "total_tokens": 3663528,
  "stall_aborted": false,
  "gen_queue_wait_s": 2654.5011321899947,
  "val_queue_wait_s": 5034.62734125508
}