{
  "elapsed_s": 111.00524600315839,
  "perturbation_seed": 1417638125,
  "perturbation_value": 1.4047906731026731,
  "output_file_name": "validation_output.bin"
}