{
  "iter": 1,
  "opencode_elapsed_s": 159.917329073,
  "validation_elapsed_s": 845.3746609119698,
  "total_elapsed_s": 1005.2919899849699,
  "validation_passed": true,
  "input_tokens": 1032272,
  "output_tokens": 7215,
  "total_tokens": 1039487,
  "stall_aborted": false,
  "gen_queue_wait_s": 0.003159040817990899,
  "val_queue_wait_s": 200.89621499413624
}