{
  "iter": 2,
  "opencode_elapsed_s": 400.348592758,
  "validation_elapsed_s": 900.0012351870537,
  "total_elapsed_s": 1300.3498279450537,
  "validation_passed": false,
  "input_tokens": 2810642,
  "output_tokens": 19635,
  "total_tokens": 2830277,
  "stall_aborted": false,
  "gen_queue_wait_s": 0.0,
  "val_queue_wait_s": 6316.712762351148
}