{
  "iter": 4,
  "opencode_elapsed_s": 446.006417036,
  "validation_elapsed_s": 547.0358286430128,
  "total_elapsed_s": 993.0422456790128,
  "validation_passed": true,
  "input_tokens": 352312,
  "output_tokens": 10566,
  "total_tokens": 2353362,
  "stall_aborted": false,
  "gen_queue_wait_s": 0.0002019559033215046,
  "val_queue_wait_s": 1274.1627158771735
}