{
  "iter": 9,
  "opencode_elapsed_s": 2426.072401285,
  "validation_elapsed_s": 170.15743812709115,
  "total_elapsed_s": 2596.229839412091,
  "validation_passed": false,
  "input_tokens": 16433845,
  "output_tokens": 99637,
  "total_tokens": 16533482,
  "stall_aborted": false,
  "gen_queue_wait_s": 0.0,
  "val_queue_wait_s": 429.33508879621513
}