{
  "iter": 7,
  "opencode_elapsed_s": 2257.200374842,
  "validation_elapsed_s": 383.20221829228103,
  "total_elapsed_s": 2640.4025931342812,
  "validation_passed": false,
  "input_tokens": 17857114,
  "output_tokens": 105162,
  "total_tokens": 17962276,
  "stall_aborted": false,
  "gen_queue_wait_s": 5.754223093390465e-05,
  "val_queue_wait_s": 8.129095658659935e-05
}