{
  "iter": 11,
  "opencode_elapsed_s": 124.640044451,
  "validation_elapsed_s": 301.2473899961915,
  "total_elapsed_s": 425.8874344471915,
  "validation_passed": true,
  "input_tokens": 707720,
  "output_tokens": 5426,
  "total_tokens": 713146,
  "stall_aborted": false,
  "gen_queue_wait_s": 5.308282561600208e-05,
  "val_queue_wait_s": 0.00011175009422004223
}