{
  "iter": 7,
  "opencode_elapsed_s": 276.098171234,
  "validation_elapsed_s": 900.0049732951447,
  "total_elapsed_s": 1176.1031445291446,
  "validation_passed": false,
  "input_tokens": 71204,
  "output_tokens": 9100,
  "total_tokens": 744787,
  "stall_aborted": false,
  "gen_queue_wait_s": 0.00018175202421844006,
  "val_queue_wait_s": 3559.013519963948
}