{
  "iter": 2,
  "opencode_elapsed_s": 154.406104565,
  "validation_elapsed_s": 428.5526966191828,
  "total_elapsed_s": 582.9588011841828,
  "validation_passed": false,
  "input_tokens": 1251172,
  "output_tokens": 7751,
  "total_tokens": 1258923,
  "stall_aborted": false,
  "gen_queue_wait_s": 0.0001851264387369156,
  "val_queue_wait_s": 5836.518041511998
}