{
  "iter": 3,
  "opencode_elapsed_s": 640.288038015,
  "validation_elapsed_s": 387.80052390228957,
  "total_elapsed_s": 1028.0885619172896,
  "validation_passed": false,
  "input_tokens": 5120692,
  "output_tokens": 30864,
  "total_tokens": 5151556,
  "stall_aborted": false,
  "gen_queue_wait_s": 0.00022208504378795624,
  "val_queue_wait_s": 14801.632055994123
}