{
  "iter": 1,
  "opencode_elapsed_s": 459.649573803,
  "validation_elapsed_s": 119.86854368122295,
  "total_elapsed_s": 579.518117484223,
  "validation_passed": false,
  "input_tokens": 3874444,
  "output_tokens": 18392,
  "total_tokens": 3892836,
  "stall_aborted": false,
  "gen_queue_wait_s": 0.0012267529964447021,
  "val_queue_wait_s": 0.00014183390885591507
}