{
  "iter": 2,
  "opencode_elapsed_s": 64.973437548,
  "validation_elapsed_s": 313.7197336931713,
  "total_elapsed_s": 378.6931712411713,
  "validation_passed": false,
  "input_tokens": 80824,
  "output_tokens": 3202,
  "total_tokens": 505432,
  "stall_aborted": false,
  "gen_queue_wait_s": 0.00017004180699586868,
  "val_queue_wait_s": 333.39571318402886
}