{
  "iter": 1,
  "opencode_elapsed_s": 844.670754671,
  "validation_elapsed_s": 314.25172492396086,
  "total_elapsed_s": 1158.9224795949608,
  "validation_passed": false,
  "input_tokens": 4828135,
  "output_tokens": 33596,
  "total_tokens": 4861731,
  "stall_aborted": false,
  "gen_queue_wait_s": 894.7496420661919,
  "val_queue_wait_s": 2574.9906414942816
}