{
  "iter": 1,
  "opencode_elapsed_s": 1008.549432039,
  "validation_elapsed_s": 674.7297829356976,
  "total_elapsed_s": 1683.2792149746974,
  "validation_passed": true,
  "input_tokens": 5784133,
  "output_tokens": 35329,
  "total_tokens": 5819462,
  "stall_aborted": false,
  "gen_queue_wait_s": 3307.6254100268707,
  "val_queue_wait_s": 2653.6992466137744
}