{
  "iter": 1,
  "opencode_elapsed_s": 330.938647509,
  "validation_elapsed_s": 361.92038231529295,
  "total_elapsed_s": 692.859029824293,
  "validation_passed": false,
  "input_tokens": 816539,
  "output_tokens": 19215,
  "total_tokens": 3998296,
  "stall_aborted": false,
  "gen_queue_wait_s": 749.4817776549608,
  "val_queue_wait_s": 1487.7039795583114
}