{
  "iter": 9,
  "opencode_elapsed_s": 407.570462465,
  "validation_elapsed_s": 415.8613024719525,
  "total_elapsed_s": 823.4317649369525,
  "validation_passed": false,
  "input_tokens": 442540,
  "output_tokens": 14262,
  "total_tokens": 5692564,
  "stall_aborted": false,
  "gen_queue_wait_s": 0.0001951269805431366,
  "val_queue_wait_s": 3543.0193004729226
}