{
  "iter": 7,
  "opencode_elapsed_s": 263.788560629,
  "validation_elapsed_s": 194.25689335539937,
  "total_elapsed_s": 458.0454539843994,
  "validation_passed": false,
  "input_tokens": 2572301,
  "output_tokens": 16512,
  "total_tokens": 2588813,
  "stall_aborted": false,
  "gen_queue_wait_s": 0.0001205001026391983,
  "val_queue_wait_s": 2574.05280822888
}