{
  "iter": 9,
  "opencode_elapsed_s": 482.600464106,
  "validation_elapsed_s": 296.963130292017,
  "total_elapsed_s": 779.563594398017,
  "validation_passed": false,
  "input_tokens": 181213,
  "output_tokens": 13750,
  "total_tokens": 4013050,
  "stall_aborted": false,
  "gen_queue_wait_s": 0.00020471098832786083,
  "val_queue_wait_s": 3881.689546359936
}