{
  "iter": 1,
  "opencode_elapsed_s": 231.35478282,
  "validation_elapsed_s": 238.79824317293242,
  "total_elapsed_s": 470.1530259929324,
  "validation_passed": false,
  "input_tokens": 647945,
  "output_tokens": 10718,
  "total_tokens": 2927700,
  "stall_aborted": false,
  "gen_queue_wait_s": 1053.5809350763448,
  "val_queue_wait_s": 1645.7493201238103
}