{
  "iter": 1,
  "opencode_elapsed_s": 347.806633234,
  "validation_elapsed_s": 155.5394949107431,
  "total_elapsed_s": 503.3461281447431,
  "validation_passed": false,
  "input_tokens": 431211,
  "output_tokens": 15070,
  "total_tokens": 4463356,
  "stall_aborted": false,
  "gen_queue_wait_s": 9.33334231376648e-05,
  "val_queue_wait_s": 8.029211312532425e-05
}