{
  "iter": 8,
  "opencode_elapsed_s": 1563.197096825,
  "validation_elapsed_s": 360.1084864730947,
  "total_elapsed_s": 1923.3055832980947,
  "validation_passed": false,
  "input_tokens": 18009395,
  "output_tokens": 54813,
  "total_tokens": 18064208,
  "stall_aborted": false,
  "gen_queue_wait_s": 0.00019429204985499382,
  "val_queue_wait_s": 196.07178106391802
}