{
  "iter": 2,
  "opencode_elapsed_s": 201.758796215,
  "validation_elapsed_s": 419.12007828289643,
  "total_elapsed_s": 620.8788744978964,
  "validation_passed": true,
  "input_tokens": 699749,
  "output_tokens": 8974,
  "total_tokens": 708723,
  "stall_aborted": false,
  "gen_queue_wait_s": 1023.112194465939,
  "val_queue_wait_s": 6304.120066354983
}