{
  "iter": 4,
  "opencode_elapsed_s": 85.583973169,
  "validation_elapsed_s": 351.9283302188851,
  "total_elapsed_s": 437.5123033878851,
  "validation_passed": true,
  "input_tokens": 82238,
  "output_tokens": 3368,
  "total_tokens": 515689,
  "stall_aborted": false,
  "gen_queue_wait_s": 0.00018804287537932396,
  "val_queue_wait_s": 309.61784337088466
}