{
  "iter": 6,
  "opencode_elapsed_s": 2406.996480465,
  "validation_elapsed_s": 146.6152382469736,
  "total_elapsed_s": 2553.6117187119735,
  "validation_passed": false,
  "input_tokens": 3161936,
  "output_tokens": 9599,
  "total_tokens": 3171535,
  "stall_aborted": false,
  "gen_queue_wait_s": 0.00015083490870893002,
  "val_queue_wait_s": 1551.5195100540295
}