{
  "iter": 1,
  "opencode_elapsed_s": 965.346105099,
  "validation_elapsed_s": 900.0029652309604,
  "total_elapsed_s": 1865.3490703299603,
  "validation_passed": false,
  "input_tokens": 13495442,
  "output_tokens": 61843,
  "total_tokens": 13557285,
  "stall_aborted": false,
  "gen_queue_wait_s": 477.4437378603034,
  "val_queue_wait_s": 4751.9084470188245
}