{
  "iter": 3,
  "opencode_elapsed_s": 798.636647224,
  "validation_elapsed_s": 418.31351077603176,
  "total_elapsed_s": 1216.9501580000317,
  "validation_passed": false,
  "input_tokens": 16490975,
  "output_tokens": 50198,
  "total_tokens": 16541173,
  "stall_aborted": false,
  "gen_queue_wait_s": 0.00010241707786917686,
  "val_queue_wait_s": 6499.344532783143
}