{
  "iter": 10,
  "opencode_elapsed_s": 2275.715634584,
  "validation_elapsed_s": 436.46595781994984,
  "total_elapsed_s": 2712.1815924039497,
  "validation_passed": false,
  "input_tokens": 15004783,
  "output_tokens": 85678,
  "total_tokens": 15090461,
  "stall_aborted": false,
  "gen_queue_wait_s": 0.00011929194442927837,
  "val_queue_wait_s": 8.516712114214897e-05
}