{
  "iter": 2,
  "opencode_elapsed_s": 261.394038677,
  "validation_elapsed_s": 423.1421617870219,
  "total_elapsed_s": 684.5362004640219,
  "validation_passed": false,
  "input_tokens": 521000,
  "output_tokens": 7748,
  "total_tokens": 2894720,
  "stall_aborted": false,
  "gen_queue_wait_s": 0.00019641639664769173,
  "val_queue_wait_s": 5116.980817085132
}