{
  "iter": 9,
  "opencode_elapsed_s": 172.829146862,
  "validation_elapsed_s": 621.3843576409854,
  "total_elapsed_s": 794.2135045029854,
  "validation_passed": false,
  "input_tokens": 77437,
  "output_tokens": 4283,
  "total_tokens": 640465,
  "stall_aborted": false,
  "gen_queue_wait_s": 8.704187348484993e-05,
  "val_queue_wait_s": 3477.7583613130264
}