{
  "iter": 1,
  "opencode_elapsed_s": 255.839128017,
  "validation_elapsed_s": 186.95425720699131,
  "total_elapsed_s": 442.7933852239913,
  "validation_passed": false,
  "input_tokens": 733883,
  "output_tokens": 11401,
  "total_tokens": 3152550,
  "stall_aborted": false,
  "gen_queue_wait_s": 0.0014882846735417843,
  "val_queue_wait_s": 133.2679991419427
}