{
  "iter": 5,
  "opencode_elapsed_s": 198.188417673,
  "validation_elapsed_s": 404.9713783839252,
  "total_elapsed_s": 603.1597960569252,
  "validation_passed": false,
  "input_tokens": 301412,
  "output_tokens": 6743,
  "total_tokens": 1515066,
  "stall_aborted": false,
  "gen_queue_wait_s": 0.00019129691645503044,
  "val_queue_wait_s": 2373.28405095404
}