{
  "iter": 7,
  "opencode_elapsed_s": 416.431396008,
  "validation_elapsed_s": 548.2895745770074,
  "total_elapsed_s": 964.7209705850074,
  "validation_passed": false,
  "input_tokens": 149921,
  "output_tokens": 8722,
  "total_tokens": 1412274,
  "stall_aborted": false,
  "gen_queue_wait_s": 0.000153249129652977,
  "val_queue_wait_s": 3619.334392886143
}