{
  "iter": 5,
  "opencode_elapsed_s": 1202.014883757,
  "validation_elapsed_s": 360.9973244338762,
  "total_elapsed_s": 1563.0122081908762,
  "validation_passed": true,
  "input_tokens": 7759775,
  "output_tokens": 56640,
  "total_tokens": 7816415,
  "stall_aborted": false,
  "gen_queue_wait_s": 0.0,
  "val_queue_wait_s": 0.0009008869528770447
}