{
  "elapsed_s": 77.47126107895747,
  "perturbation_seed": 403898184,
  "perturbation_value": 1.995206539711508e-05,
  "output_file_name": "validation_output.bin"
}