{
  "iter": 8,
  "opencode_elapsed_s": 144.577129602,
  "validation_elapsed_s": 363.759296863107,
  "total_elapsed_s": 508.336426465107,
  "validation_passed": false,
  "input_tokens": 154115,
  "output_tokens": 5544,
  "total_tokens": 1256161,
  "stall_aborted": false,
  "gen_queue_wait_s": 0.00019845901988446712,
  "val_queue_wait_s": 708.4939609330613
}