{
  "iter": 8,
  "opencode_elapsed_s": 303.037363529,
  "validation_elapsed_s": 585.7266020132229,
  "total_elapsed_s": 888.7639655422229,
  "validation_passed": false,
  "input_tokens": 113876,
  "output_tokens": 4139,
  "total_tokens": 678009,
  "stall_aborted": false,
  "gen_queue_wait_s": 8.095894008874893e-05,
  "val_queue_wait_s": 4386.792688117363
}