{
  "iter": 8,
  "opencode_elapsed_s": 388.571191072,
  "validation_elapsed_s": 900.0012893802486,
  "total_elapsed_s": 1288.5724804522486,
  "validation_passed": false,
  "input_tokens": 5099271,
  "output_tokens": 26591,
  "total_tokens": 5125862,
  "stall_aborted": false,
  "gen_queue_wait_s": 9.66670922935009e-05,
  "val_queue_wait_s": 1526.0694151241332
}