{
  "iter": 5,
  "opencode_elapsed_s": 1098.193833828,
  "validation_elapsed_s": 418.22701590601355,
  "total_elapsed_s": 1516.4208497340135,
  "validation_passed": true,
  "input_tokens": 12589998,
  "output_tokens": 44242,
  "total_tokens": 12634240,
  "stall_aborted": false,
  "gen_queue_wait_s": 144.9510006532073,
  "val_queue_wait_s": 1388.1239299601875
}