{
  "iter": 1,
  "opencode_elapsed_s": 293.97894001,
  "validation_elapsed_s": 900.0009798691608,
  "total_elapsed_s": 1193.9799198791607,
  "validation_passed": false,
  "input_tokens": 3345951,
  "output_tokens": 18131,
  "total_tokens": 3364082,
  "stall_aborted": false,
  "gen_queue_wait_s": 410.88552258815616,
  "val_queue_wait_s": 766.4213933516294
}