{
  "iter": 7,
  "opencode_elapsed_s": 453.463891506,
  "validation_elapsed_s": 265.39278241991997,
  "total_elapsed_s": 718.85667392592,
  "validation_passed": true,
  "input_tokens": 3422118,
  "output_tokens": 33438,
  "total_tokens": 3455556,
  "stall_aborted": false,
  "gen_queue_wait_s": 0.00011462578549981117,
  "val_queue_wait_s": 2750.4604020873085
}