{
  "iter": 9,
  "opencode_elapsed_s": 257.773388863,
  "validation_elapsed_s": 413.30533794895746,
  "total_elapsed_s": 671.0787268119575,
  "validation_passed": false,
  "input_tokens": 95015,
  "output_tokens": 5655,
  "total_tokens": 1265634,
  "stall_aborted": false,
  "gen_queue_wait_s": 0.0001426690723747015,
  "val_queue_wait_s": 559.5917893580627
}