{
  "iter": 5,
  "opencode_elapsed_s": 198.102993727,
  "validation_elapsed_s": 596.4178499919362,
  "total_elapsed_s": 794.5208437189362,
  "validation_passed": false,
  "input_tokens": 196319,
  "output_tokens": 5235,
  "total_tokens": 1601900,
  "stall_aborted": false,
  "gen_queue_wait_s": 0.00010895798914134502,
  "val_queue_wait_s": 5056.240826125955
}