{
  "iter": 1,
  "opencode_elapsed_s": 461.198665857,
  "validation_elapsed_s": 92.15552523126826,
  "total_elapsed_s": 553.3541910882682,
  "validation_passed": false,
  "input_tokens": 5134261,
  "output_tokens": 31467,
  "total_tokens": 5165728,
  "stall_aborted": false,
  "gen_queue_wait_s": 1304.4309832653962,
  "val_queue_wait_s": 5906.7386594917625
}