{
  "iter": 5,
  "opencode_elapsed_s": 220.770982504,
  "validation_elapsed_s": 142.81306006014347,
  "total_elapsed_s": 363.5840425641435,
  "validation_passed": false,
  "input_tokens": 341100,
  "output_tokens": 6817,
  "total_tokens": 1664869,
  "stall_aborted": false,
  "gen_queue_wait_s": 0.00016016559675335884,
  "val_queue_wait_s": 5040.975947021041
}