{
  "iter": 10,
  "opencode_elapsed_s": 877.009780169,
  "validation_elapsed_s": 336.45037482120097,
  "total_elapsed_s": 1213.4601549902009,
  "validation_passed": false,
  "input_tokens": 9409008,
  "output_tokens": 61609,
  "total_tokens": 9470617,
  "stall_aborted": false,
  "gen_queue_wait_s": 0.00011270912364125252,
  "val_queue_wait_s": 650.6662479373626
}