{
  "iter": 7,
  "opencode_elapsed_s": 82.284410715,
  "validation_elapsed_s": 388.26386051112786,
  "total_elapsed_s": 470.5482712261279,
  "validation_passed": false,
  "input_tokens": 64813,
  "output_tokens": 2732,
  "total_tokens": 453611,
  "stall_aborted": false,
  "gen_queue_wait_s": 0.0002491232007741928,
  "val_queue_wait_s": 721.7084666402079
}