{
  "elapsed_s": 78.13051226804964,
  "perturbation_seed": 1802483566,
  "perturbation_value": 1.956438020751217e-05,
  "output_file_name": "validation_output.bin"
}