{
  "iter": 2,
  "opencode_elapsed_s": 817.258371353,
  "validation_elapsed_s": 406.554970594123,
  "total_elapsed_s": 1223.813341947123,
  "validation_passed": false,
  "input_tokens": 11623895,
  "output_tokens": 59454,
  "total_tokens": 11683349,
  "stall_aborted": false,
  "gen_queue_wait_s": 0.0,
  "val_queue_wait_s": 3147.208124215249
}