{
  "iter": 2,
  "opencode_elapsed_s": 148.705857038,
  "validation_elapsed_s": 386.5633433489129,
  "total_elapsed_s": 535.2692003869129,
  "validation_passed": true,
  "input_tokens": 196693,
  "output_tokens": 3201,
  "total_tokens": 388543,
  "stall_aborted": false,
  "gen_queue_wait_s": 136.2300963618327,
  "val_queue_wait_s": 5774.364590719109
}