{
  "iter": 1,
  "opencode_elapsed_s": 472.560901403,
  "validation_elapsed_s": 536.0458598060068,
  "total_elapsed_s": 1008.6067612090068,
  "validation_passed": true,
  "input_tokens": 4994452,
  "output_tokens": 19778,
  "total_tokens": 5014230,
  "stall_aborted": false,
  "gen_queue_wait_s": 2399.514592746971,
  "val_queue_wait_s": 4372.644066628069
}