{
  "iter": 1,
  "opencode_elapsed_s": 417.340756416,
  "validation_elapsed_s": 387.70709932921454,
  "total_elapsed_s": 805.0478557452145,
  "validation_passed": false,
  "input_tokens": 4628347,
  "output_tokens": 18435,
  "total_tokens": 4646782,
  "stall_aborted": false,
  "gen_queue_wait_s": 4316.488872965798,
  "val_queue_wait_s": 4094.6286132810637
}