{
  "iter": 2,
  "opencode_elapsed_s": 267.293224096,
  "validation_elapsed_s": 408.8637608089484,
  "total_elapsed_s": 676.1569849049484,
  "validation_passed": false,
  "input_tokens": 283788,
  "output_tokens": 7621,
  "total_tokens": 2235461,
  "stall_aborted": false,
  "gen_queue_wait_s": 34.75582428718917,
  "val_queue_wait_s": 1310.2249733440112
}