{
  "iter": 8,
  "opencode_elapsed_s": 453.771159649,
  "validation_elapsed_s": 531.96415123716,
  "total_elapsed_s": 985.73531088616,
  "validation_passed": false,
  "input_tokens": 4207967,
  "output_tokens": 31726,
  "total_tokens": 4239693,
  "stall_aborted": false,
  "gen_queue_wait_s": 0.00011758413165807724,
  "val_queue_wait_s": 2474.5505679319613
}