{
  "iter": 1,
  "opencode_elapsed_s": 929.03130722,
  "validation_elapsed_s": 494.2746055459138,
  "total_elapsed_s": 1423.305912765914,
  "validation_passed": true,
  "input_tokens": 6458603,
  "output_tokens": 35505,
  "total_tokens": 6494108,
  "stall_aborted": false,
  "gen_queue_wait_s": 0.0009358881507068872,
  "val_queue_wait_s": 680.1590024549514
}