{
  "iter": 6,
  "opencode_elapsed_s": 250.213701487,
  "validation_elapsed_s": 398.1627717721276,
  "total_elapsed_s": 648.3764732591276,
  "validation_passed": false,
  "input_tokens": 150207,
  "output_tokens": 9287,
  "total_tokens": 2469427,
  "stall_aborted": false,
  "gen_queue_wait_s": 0.00010216701775789261,
  "val_queue_wait_s": 7115.487271132879
}