{
  "iter": 4,
  "opencode_elapsed_s": 652.892867327,
  "validation_elapsed_s": 398.59719618735835,
  "total_elapsed_s": 1051.4900635143583,
  "validation_passed": false,
  "input_tokens": 5842902,
  "output_tokens": 25629,
  "total_tokens": 5868531,
  "stall_aborted": false,
  "gen_queue_wait_s": 0.0002088337205350399,
  "val_queue_wait_s": 4665.995735373814
}