{
  "iter": 10,
  "opencode_elapsed_s": 992.311149359,
  "validation_elapsed_s": 728.1816674261354,
  "total_elapsed_s": 1720.4928167851353,
  "validation_passed": false,
  "input_tokens": 13175056,
  "output_tokens": 61511,
  "total_tokens": 13236567,
  "stall_aborted": false,
  "gen_queue_wait_s": 0.0002149166539311409,
  "val_queue_wait_s": 243.9050117856823
}