{
  "elapsed_s": 202.0429743649438,
  "perturbation_seed": 1051366131,
  "perturbation_value": 599.2358561979523,
  "output_file_name": "validation_output.bin"
}