{
  "iter": 6,
  "opencode_elapsed_s": 1170.897353649,
  "validation_elapsed_s": 533.1986566293053,
  "total_elapsed_s": 1704.0960102783054,
  "validation_passed": false,
  "input_tokens": 11080452,
  "output_tokens": 58370,
  "total_tokens": 11138822,
  "stall_aborted": false,
  "gen_queue_wait_s": 0.00016654189676046371,
  "val_queue_wait_s": 1072.6056007430889
}