{
  "iter": 9,
  "opencode_elapsed_s": 520.075820684,
  "validation_elapsed_s": 340.72908002277836,
  "total_elapsed_s": 860.8049007067783,
  "validation_passed": false,
  "input_tokens": 8117618,
  "output_tokens": 30151,
  "total_tokens": 8147769,
  "stall_aborted": false,
  "gen_queue_wait_s": 0.0003112098202109337,
  "val_queue_wait_s": 1094.5287379217334
}