{
  "iter": 4,
  "opencode_elapsed_s": 379.610330343,
  "validation_elapsed_s": 373.01989837316796,
  "total_elapsed_s": 752.630228716168,
  "validation_passed": false,
  "input_tokens": 182440,
  "output_tokens": 5609,
  "total_tokens": 1516210,
  "stall_aborted": false,
  "gen_queue_wait_s": 0.00021008076146245003,
  "val_queue_wait_s": 4083.1468953108415
}