{
  "iter": 1,
  "opencode_elapsed_s": 306.145534515,
  "validation_elapsed_s": 382.5588809240144,
  "total_elapsed_s": 688.7044154390144,
  "validation_passed": true,
  "input_tokens": 728983,
  "output_tokens": 14062,
  "total_tokens": 4416589,
  "stall_aborted": false,
  "gen_queue_wait_s": 298.04502309509553,
  "val_queue_wait_s": 921.6950697510038
}