{
  "iter": 3,
  "opencode_elapsed_s": 291.192119122,
  "validation_elapsed_s": 605.887883476913,
  "total_elapsed_s": 897.080002598913,
  "validation_passed": false,
  "input_tokens": 132118,
  "output_tokens": 10437,
  "total_tokens": 2747653,
  "stall_aborted": false,
  "gen_queue_wait_s": 0.00017783395014703274,
  "val_queue_wait_s": 8643.486377077876
}