{
  "iter": 8,
  "opencode_elapsed_s": 375.78544879,
  "validation_elapsed_s": 397.3416131599806,
  "total_elapsed_s": 773.1270619499805,
  "validation_passed": false,
  "input_tokens": 1895322,
  "output_tokens": 20310,
  "total_tokens": 1915632,
  "stall_aborted": false,
  "gen_queue_wait_s": 0.00022087572142481804,
  "val_queue_wait_s": 524.72408176912
}