{
  "iter": 3,
  "opencode_elapsed_s": 335.357227087,
  "validation_elapsed_s": 386.70071109896526,
  "total_elapsed_s": 722.0579381859652,
  "validation_passed": false,
  "input_tokens": 374877,
  "output_tokens": 13070,
  "total_tokens": 3763217,
  "stall_aborted": false,
  "gen_queue_wait_s": 0.0,
  "val_queue_wait_s": 886.6970788212493
}