{
  "iter": 8,
  "opencode_elapsed_s": 219.445429564,
  "validation_elapsed_s": 130.49636055808514,
  "total_elapsed_s": 349.94179012208514,
  "validation_passed": false,
  "input_tokens": 1104857,
  "output_tokens": 4348,
  "total_tokens": 1109205,
  "stall_aborted": false,
  "gen_queue_wait_s": 0.00019383407197892666,
  "val_queue_wait_s": 171.89184530079365
}