{
  "iter": 4,
  "opencode_elapsed_s": 892.237897396,
  "validation_elapsed_s": 417.46264522802085,
  "total_elapsed_s": 1309.7005426240207,
  "validation_passed": false,
  "input_tokens": 9688343,
  "output_tokens": 35887,
  "total_tokens": 9724230,
  "stall_aborted": false,
  "gen_queue_wait_s": 0.0001983758993446827,
  "val_queue_wait_s": 3895.6768764681183
}