{
  "iter": 8,
  "opencode_elapsed_s": 292.134305477,
  "validation_elapsed_s": 900.0021111778915,
  "total_elapsed_s": 1192.1364166548915,
  "validation_passed": false,
  "input_tokens": 2526841,
  "output_tokens": 12791,
  "total_tokens": 2539632,
  "stall_aborted": false,
  "gen_queue_wait_s": 0.0007696701213717461,
  "val_queue_wait_s": 59.713783217128366
}