{
  "iter": 10,
  "opencode_elapsed_s": 947.43106389,
  "validation_elapsed_s": 324.1818450461142,
  "total_elapsed_s": 1271.6129089361143,
  "validation_passed": false,
  "input_tokens": 12598756,
  "output_tokens": 64352,
  "total_tokens": 12663108,
  "stall_aborted": false,
  "gen_queue_wait_s": 0.00010191695764660835,
  "val_queue_wait_s": 66.41281510796398
}