{
  "iter": 3,
  "opencode_elapsed_s": 1171.97687006,
  "validation_elapsed_s": 406.3406050489284,
  "total_elapsed_s": 1578.3174751089284,
  "validation_passed": false,
  "input_tokens": 10461159,
  "output_tokens": 57565,
  "total_tokens": 10518724,
  "stall_aborted": false,
  "gen_queue_wait_s": 0.00019987579435110092,
  "val_queue_wait_s": 15489.996413399931
}