{
  "iter": 1,
  "opencode_elapsed_s": 307.296388149,
  "validation_elapsed_s": 534.3900445899926,
  "total_elapsed_s": 841.6864327389926,
  "validation_passed": false,
  "input_tokens": 1031472,
  "output_tokens": 13996,
  "total_tokens": 3392413,
  "stall_aborted": false,
  "gen_queue_wait_s": 1398.7295628120191,
  "val_queue_wait_s": 1950.505397618981
}