{
  "iter": 9,
  "opencode_elapsed_s": 568.48095727,
  "validation_elapsed_s": 440.6344478367828,
  "total_elapsed_s": 1009.1154051067828,
  "validation_passed": false,
  "input_tokens": 6945093,
  "output_tokens": 37209,
  "total_tokens": 6982302,
  "stall_aborted": false,
  "gen_queue_wait_s": 0.00011204229667782784,
  "val_queue_wait_s": 365.15498610725626
}