{
  "iter": 2,
  "opencode_elapsed_s": 260.802120686,
  "validation_elapsed_s": 367.7813819809817,
  "total_elapsed_s": 628.5835026669818,
  "validation_passed": true,
  "input_tokens": 2565528,
  "output_tokens": 16075,
  "total_tokens": 2581603,
  "stall_aborted": false,
  "gen_queue_wait_s": 0.0002189171500504017,
  "val_queue_wait_s": 8320.305122797843
}