{
  "iter": 8,
  "opencode_elapsed_s": 197.444959879,
  "validation_elapsed_s": 406.1931523331441,
  "total_elapsed_s": 603.638112212144,
  "validation_passed": true,
  "input_tokens": 189411,
  "output_tokens": 8798,
  "total_tokens": 1585055,
  "stall_aborted": false,
  "gen_queue_wait_s": 0.00019404012709856033,
  "val_queue_wait_s": 4050.3793933070265
}