{
  "iter": 3,
  "opencode_elapsed_s": 1112.233691454,
  "validation_elapsed_s": 260.1330277491361,
  "total_elapsed_s": 1372.3667192031362,
  "validation_passed": false,
  "input_tokens": 4051440,
  "output_tokens": 56746,
  "total_tokens": 4108186,
  "stall_aborted": false,
  "gen_queue_wait_s": 0.00022220797836780548,
  "val_queue_wait_s": 7300.536098884884
}