{
  "iter": 4,
  "opencode_elapsed_s": 810.537835598,
  "validation_elapsed_s": 494.507005461026,
  "total_elapsed_s": 1305.044841059026,
  "validation_passed": false,
  "input_tokens": 11987182,
  "output_tokens": 54455,
  "total_tokens": 12041637,
  "stall_aborted": false,
  "gen_queue_wait_s": 0.00022408505901694298,
  "val_queue_wait_s": 8355.529573894106
}