{
  "elapsed_s": 131.1726077569183,
  "perturbation_seed": 67262032,
  "perturbation_value": 0.517041246035479,
  "output_file_name": "validation_output.bin"
}