{
  "iter": 5,
  "opencode_elapsed_s": 293.279698133,
  "validation_elapsed_s": 385.331699796021,
  "total_elapsed_s": 678.611397929021,
  "validation_passed": false,
  "input_tokens": 129669,
  "output_tokens": 6216,
  "total_tokens": 1599892,
  "stall_aborted": false,
  "gen_queue_wait_s": 0.0003009159117937088,
  "val_queue_wait_s": 521.1780555811711
}