{
  "iter": 1,
  "opencode_elapsed_s": 301.516512871,
  "validation_elapsed_s": 464.61697869212367,
  "total_elapsed_s": 766.1334915631237,
  "validation_passed": false,
  "input_tokens": 1191475,
  "output_tokens": 15689,
  "total_tokens": 1207164,
  "stall_aborted": false,
  "gen_queue_wait_s": 0.0015478550922125578,
  "val_queue_wait_s": 382.25353349000216
}