{
  "iter": 2,
  "opencode_elapsed_s": 252.155365229,
  "validation_elapsed_s": 453.41930607007816,
  "total_elapsed_s": 705.5746712990782,
  "validation_passed": false,
  "input_tokens": 1557533,
  "output_tokens": 9852,
  "total_tokens": 1567385,
  "stall_aborted": false,
  "gen_queue_wait_s": 0.0,
  "val_queue_wait_s": 5863.2809131890535
}