{
  "iter": 5,
  "opencode_elapsed_s": 542.232217312,
  "validation_elapsed_s": 212.08927210606635,
  "total_elapsed_s": 754.3214894180663,
  "validation_passed": false,
  "input_tokens": 308008,
  "output_tokens": 13233,
  "total_tokens": 2716883,
  "stall_aborted": false,
  "gen_queue_wait_s": 0.0002186268102377653,
  "val_queue_wait_s": 3935.872048567049
}