{
  "iter": 8,
  "opencode_elapsed_s": 281.516284466,
  "validation_elapsed_s": 731.1021638908423,
  "total_elapsed_s": 1012.6184483568424,
  "validation_passed": false,
  "input_tokens": 96291,
  "output_tokens": 5745,
  "total_tokens": 958757,
  "stall_aborted": false,
  "gen_queue_wait_s": 0.0001643747091293335,
  "val_queue_wait_s": 6039.314604828134
}