{
  "iter": 9,
  "opencode_elapsed_s": 163.834551811,
  "validation_elapsed_s": 420.89254283113405,
  "total_elapsed_s": 584.727094642134,
  "validation_passed": false,
  "input_tokens": 76701,
  "output_tokens": 4613,
  "total_tokens": 705055,
  "stall_aborted": false,
  "gen_queue_wait_s": 0.00017800182104110718,
  "val_queue_wait_s": 6457.870009999257
}