{
  "iter": 1,
  "opencode_elapsed_s": 874.684173346,
  "validation_elapsed_s": 754.3890918218531,
  "total_elapsed_s": 1629.0732651678532,
  "validation_passed": false,
  "input_tokens": 3506683,
  "output_tokens": 26270,
  "total_tokens": 3532953,
  "stall_aborted": false,
  "gen_queue_wait_s": 1681.198158529587,
  "val_queue_wait_s": 7067.255616675131
}