{
  "iter": 6,
  "opencode_elapsed_s": 291.995439529,
  "validation_elapsed_s": 900.0009605810046,
  "total_elapsed_s": 1191.9964001100047,
  "validation_passed": false,
  "input_tokens": 40763,
  "output_tokens": 1865,
  "total_tokens": 152518,
  "stall_aborted": false,
  "gen_queue_wait_s": 7.254187949001789e-05,
  "val_queue_wait_s": 6001.7622131181415
}