{
  "iter": 3,
  "opencode_elapsed_s": 158.604161501,
  "validation_elapsed_s": 305.3702689530328,
  "total_elapsed_s": 463.9744304540328,
  "validation_passed": false,
  "input_tokens": 66504,
  "output_tokens": 6976,
  "total_tokens": 673990,
  "stall_aborted": false,
  "gen_queue_wait_s": 0.00019541895017027855,
  "val_queue_wait_s": 5746.866223808145
}