{
  "iter": 1,
  "opencode_elapsed_s": 366.732027292,
  "validation_elapsed_s": 440.54170715110376,
  "total_elapsed_s": 807.2737344431038,
  "validation_passed": false,
  "input_tokens": 3118161,
  "output_tokens": 16439,
  "total_tokens": 3134600,
  "stall_aborted": false,
  "gen_queue_wait_s": 3223.9884620239027,
  "val_queue_wait_s": 5684.272784837987
}