{
  "iter": 4,
  "opencode_elapsed_s": 368.305514097,
  "validation_elapsed_s": 441.5773430829868,
  "total_elapsed_s": 809.8828571799868,
  "validation_passed": false,
  "input_tokens": 2370417,
  "output_tokens": 29618,
  "total_tokens": 2400035,
  "stall_aborted": false,
  "gen_queue_wait_s": 0.00016741827130317688,
  "val_queue_wait_s": 8063.420434648171
}