{
  "iter": 5,
  "opencode_elapsed_s": 414.314874887,
  "validation_elapsed_s": 131.72290826705284,
  "total_elapsed_s": 546.0377831540528,
  "validation_passed": false,
  "input_tokens": 5180436,
  "output_tokens": 16523,
  "total_tokens": 5196959,
  "stall_aborted": false,
  "gen_queue_wait_s": 0.00022437493316829205,
  "val_queue_wait_s": 2691.6009040400386
}