{
  "iter": 4,
  "opencode_elapsed_s": 197.517724276,
  "validation_elapsed_s": 453.57005786616355,
  "total_elapsed_s": 651.0877821421635,
  "validation_passed": true,
  "input_tokens": 1168340,
  "output_tokens": 11582,
  "total_tokens": 1179922,
  "stall_aborted": false,
  "gen_queue_wait_s": 0.00012191804125905037,
  "val_queue_wait_s": 8046.964402896818
}