{
  "iter": 5,
  "opencode_elapsed_s": 186.556912422,
  "validation_elapsed_s": 493.5626927879639,
  "total_elapsed_s": 680.1196052099639,
  "validation_passed": false,
  "input_tokens": 83782,
  "output_tokens": 5830,
  "total_tokens": 1089584,
  "stall_aborted": false,
  "gen_queue_wait_s": 0.0014385082758963108,
  "val_queue_wait_s": 219.5625811610371
}