{
  "iter": 4,
  "opencode_elapsed_s": 280.925881863,
  "validation_elapsed_s": 355.8729200649541,
  "total_elapsed_s": 636.7988019279541,
  "validation_passed": false,
  "input_tokens": 2054073,
  "output_tokens": 11074,
  "total_tokens": 2065147,
  "stall_aborted": false,
  "gen_queue_wait_s": 0.00013041705824434757,
  "val_queue_wait_s": 4376.458852722077
}