{
  "iter": 3,
  "opencode_elapsed_s": 375.59793663,
  "validation_elapsed_s": 272.1097125019878,
  "total_elapsed_s": 647.7076491319879,
  "validation_passed": false,
  "input_tokens": 1913258,
  "output_tokens": 13114,
  "total_tokens": 1926372,
  "stall_aborted": false,
  "gen_queue_wait_s": 26.501719546038657,
  "val_queue_wait_s": 7594.845936841797
}