{
  "iter": 1,
  "opencode_elapsed_s": 242.763292551,
  "validation_elapsed_s": 159.20039788307622,
  "total_elapsed_s": 401.9636904340762,
  "validation_passed": false,
  "input_tokens": 575265,
  "output_tokens": 9613,
  "total_tokens": 2880593,
  "stall_aborted": false,
  "gen_queue_wait_s": 1081.4181423583068,
  "val_queue_wait_s": 1845.5003055301495
}