{
  "iter": 1,
  "opencode_elapsed_s": 348.094898701,
  "validation_elapsed_s": 477.2000210189726,
  "total_elapsed_s": 825.2949197199725,
  "validation_passed": false,
  "input_tokens": 868497,
  "output_tokens": 13823,
  "total_tokens": 3413530,
  "stall_aborted": false,
  "gen_queue_wait_s": 1497.9915962680243,
  "val_queue_wait_s": 2508.382074296009
}