{
  "iter": 3,
  "opencode_elapsed_s": 59.10177803,
  "validation_elapsed_s": 462.9280152907595,
  "total_elapsed_s": 522.0297933207595,
  "validation_passed": false,
  "input_tokens": 82010,
  "output_tokens": 1991,
  "total_tokens": 209083,
  "stall_aborted": false,
  "gen_queue_wait_s": 0.0,
  "val_queue_wait_s": 423.65348291490227
}