{
  "iter": 3,
  "opencode_elapsed_s": 490.032977104,
  "validation_elapsed_s": 526.410045472905,
  "total_elapsed_s": 1016.443022576905,
  "validation_passed": false,
  "input_tokens": 2430125,
  "output_tokens": 24041,
  "total_tokens": 2454166,
  "stall_aborted": false,
  "gen_queue_wait_s": 0.00022258376702666283,
  "val_queue_wait_s": 11255.411107909866
}