{
  "iter": 1,
  "opencode_elapsed_s": 343.588325977,
  "validation_elapsed_s": 626.1466295965947,
  "total_elapsed_s": 969.7349555735948,
  "validation_passed": true,
  "input_tokens": 2853521,
  "output_tokens": 16105,
  "total_tokens": 2869626,
  "stall_aborted": false,
  "gen_queue_wait_s": 0.0022585429251194,
  "val_queue_wait_s": 0.0001105000264942646
}