{
  "iter": 9,
  "opencode_elapsed_s": 127.248378754,
  "validation_elapsed_s": 255.3242685631849,
  "total_elapsed_s": 382.5726473171849,
  "validation_passed": false,
  "input_tokens": 193996,
  "output_tokens": 5915,
  "total_tokens": 860996,
  "stall_aborted": false,
  "gen_queue_wait_s": 7.458403706550598e-05,
  "val_queue_wait_s": 3885.37176291598
}