{
  "iter": 1,
  "opencode_elapsed_s": 1627.043286324,
  "validation_elapsed_s": 85.85068028373644,
  "total_elapsed_s": 1712.8939666077365,
  "validation_passed": false,
  "input_tokens": 7137016,
  "output_tokens": 60323,
  "total_tokens": 7197339,
  "stall_aborted": false,
  "gen_queue_wait_s": 1516.5647612758912,
  "val_queue_wait_s": 4702.184928380884
}