{
  "iter": 5,
  "opencode_elapsed_s": 224.698135138,
  "validation_elapsed_s": 391.2829141668044,
  "total_elapsed_s": 615.9810493048044,
  "validation_passed": false,
  "input_tokens": 96480,
  "output_tokens": 9154,
  "total_tokens": 764650,
  "stall_aborted": false,
  "gen_queue_wait_s": 0.0001277509145438671,
  "val_queue_wait_s": 3958.2844958258793
}