{
  "iter": 10,
  "opencode_elapsed_s": 304.981776237,
  "validation_elapsed_s": 515.7003350157756,
  "total_elapsed_s": 820.6821112527757,
  "validation_passed": false,
  "input_tokens": 281312,
  "output_tokens": 4911,
  "total_tokens": 1289385,
  "stall_aborted": false,
  "gen_queue_wait_s": 0.00040750112384557724,
  "val_queue_wait_s": 1318.2161337349098
}