{
  "iter": 1,
  "opencode_elapsed_s": 891.077976465,
  "validation_elapsed_s": 476.09048211504705,
  "total_elapsed_s": 1367.1684585800472,
  "validation_passed": false,
  "input_tokens": 376894,
  "output_tokens": 8351,
  "total_tokens": 1194378,
  "stall_aborted": false,
  "gen_queue_wait_s": 606.7506245330442,
  "val_queue_wait_s": 1592.299728725804
}