{
  "iter": 3,
  "opencode_elapsed_s": 523.284382343,
  "validation_elapsed_s": 602.7535236249678,
  "total_elapsed_s": 1126.0379059679676,
  "validation_passed": false,
  "input_tokens": 3771087,
  "output_tokens": 24996,
  "total_tokens": 3796083,
  "stall_aborted": false,
  "gen_queue_wait_s": 0.0002855011261999607,
  "val_queue_wait_s": 3425.26088093617
}