{
  "iter": 8,
  "opencode_elapsed_s": 86.737910986,
  "validation_elapsed_s": 418.4527760478668,
  "total_elapsed_s": 505.19068703386677,
  "validation_passed": false,
  "input_tokens": 95603,
  "output_tokens": 4693,
  "total_tokens": 909109,
  "stall_aborted": false,
  "gen_queue_wait_s": 0.00022696005180478096,
  "val_queue_wait_s": 2497.2072669758927
}