{
  "iter": 2,
  "opencode_elapsed_s": 2164.21543026,
  "validation_elapsed_s": 508.2673221649602,
  "total_elapsed_s": 2672.4827524249604,
  "validation_passed": false,
  "input_tokens": 17760384,
  "output_tokens": 97885,
  "total_tokens": 17858269,
  "stall_aborted": false,
  "gen_queue_wait_s": 0.0,
  "val_queue_wait_s": 1328.0988845769316
}