{
  "iter": 8,
  "opencode_elapsed_s": 747.865373135,
  "validation_elapsed_s": 482.14932983205654,
  "total_elapsed_s": 1230.0147029670566,
  "validation_passed": false,
  "input_tokens": 88822,
  "output_tokens": 2060,
  "total_tokens": 395434,
  "stall_aborted": false,
  "gen_queue_wait_s": 0.00019841711036860943,
  "val_queue_wait_s": 1859.913595000049
}