{
  "iter": 3,
  "opencode_elapsed_s": 185.813671589,
  "validation_elapsed_s": 410.53807280003093,
  "total_elapsed_s": 596.351744389031,
  "validation_passed": false,
  "input_tokens": 411772,
  "output_tokens": 7275,
  "total_tokens": 1322842,
  "stall_aborted": false,
  "gen_queue_wait_s": 0.000208752928301692,
  "val_queue_wait_s": 6664.199188842205
}