{
  "iter": 1,
  "opencode_elapsed_s": 381.482002258,
  "validation_elapsed_s": 900.0047146868892,
  "total_elapsed_s": 1281.4867169448892,
  "validation_passed": false,
  "input_tokens": 4468533,
  "output_tokens": 13248,
  "total_tokens": 4481781,
  "stall_aborted": false,
  "gen_queue_wait_s": 4367.385215260088,
  "val_queue_wait_s": 4466.403921445832
}