{
  "iter": 1,
  "opencode_elapsed_s": 756.780664921,
  "validation_elapsed_s": 90.65697399806231,
  "total_elapsed_s": 847.4376389190624,
  "validation_passed": false,
  "input_tokens": 6937082,
  "output_tokens": 38461,
  "total_tokens": 6975543,
  "stall_aborted": false,
  "gen_queue_wait_s": 1323.4199832249433,
  "val_queue_wait_s": 6917.034383259248
}