{
  "iter": 9,
  "opencode_elapsed_s": 82.416345596,
  "validation_elapsed_s": 721.4875272461213,
  "total_elapsed_s": 803.9038728421214,
  "validation_passed": false,
  "input_tokens": 46654,
  "output_tokens": 2238,
  "total_tokens": 228586,
  "stall_aborted": false,
  "gen_queue_wait_s": 0.0001578768715262413,
  "val_queue_wait_s": 2457.8476804099046
}