{
  "iter": 2,
  "opencode_elapsed_s": 1774.148710489,
  "validation_elapsed_s": 114.24934179522097,
  "total_elapsed_s": 1888.398052284221,
  "validation_passed": false,
  "input_tokens": 15889771,
  "output_tokens": 51778,
  "total_tokens": 15941549,
  "stall_aborted": false,
  "gen_queue_wait_s": 0.00019646110013127327,
  "val_queue_wait_s": 7584.292005371302
}