{
  "iter": 4,
  "opencode_elapsed_s": 510.75242877,
  "validation_elapsed_s": 138.64147101412527,
  "total_elapsed_s": 649.3938997841253,
  "validation_passed": false,
  "input_tokens": 580906,
  "output_tokens": 17242,
  "total_tokens": 4878251,
  "stall_aborted": false,
  "gen_queue_wait_s": 0.0001708760391920805,
  "val_queue_wait_s": 1347.4038312591147
}