{
  "iter": 4,
  "opencode_elapsed_s": 214.456458092,
  "validation_elapsed_s": 689.3329153289087,
  "total_elapsed_s": 903.7893734209088,
  "validation_passed": false,
  "input_tokens": 1751419,
  "output_tokens": 15157,
  "total_tokens": 1766576,
  "stall_aborted": false,
  "gen_queue_wait_s": 9.687570855021477e-05,
  "val_queue_wait_s": 7042.480861415155
}