{
  "iter": 2,
  "opencode_elapsed_s": 24.375179529,
  "validation_elapsed_s": 82.0045410390012,
  "total_elapsed_s": 106.3797205680012,
  "validation_passed": false,
  "input_tokens": 100961,
  "output_tokens": 875,
  "total_tokens": 101836,
  "stall_aborted": false,
  "gen_queue_wait_s": 3961.6065072310157,
  "val_queue_wait_s": 3797.9370690211654
}