{
  "elapsed_s": 86.27581230993383,
  "perturbation_seed": 1812315741,
  "perturbation_value": 2.0464584952311164,
  "output_file_name": "validation_output.bin"
}