{
  "iter": 3,
  "opencode_elapsed_s": 1065.926450491,
  "validation_elapsed_s": 359.0865938211791,
  "total_elapsed_s": 1425.013044312179,
  "validation_passed": false,
  "input_tokens": 14657672,
  "output_tokens": 72074,
  "total_tokens": 14729746,
  "stall_aborted": false,
  "gen_queue_wait_s": 7.012486457824707e-05,
  "val_queue_wait_s": 6279.504306341987
}