{
  "iter": 3,
  "opencode_elapsed_s": 210.00434804,
  "validation_elapsed_s": 900.0021311212331,
  "total_elapsed_s": 1110.006479161233,
  "validation_passed": false,
  "input_tokens": 70737,
  "output_tokens": 6440,
  "total_tokens": 670773,
  "stall_aborted": false,
  "gen_queue_wait_s": 0.0,
  "val_queue_wait_s": 4123.81661086902
}