{
  "iter": 1,
  "opencode_elapsed_s": 297.847182751,
  "validation_elapsed_s": 387.79453812306747,
  "total_elapsed_s": 685.6417208740675,
  "validation_passed": false,
  "input_tokens": 592143,
  "output_tokens": 11984,
  "total_tokens": 2711370,
  "stall_aborted": false,
  "gen_queue_wait_s": 755.1106574633159,
  "val_queue_wait_s": 1127.7366330390796
}