{
  "iter": 10,
  "opencode_elapsed_s": 693.422266245,
  "validation_elapsed_s": 429.31926300306804,
  "total_elapsed_s": 1122.741529248068,
  "validation_passed": true,
  "input_tokens": 3722631,
  "output_tokens": 15098,
  "total_tokens": 3737729,
  "stall_aborted": false,
  "gen_queue_wait_s": 0.0,
  "val_queue_wait_s": 0.0015841550193727016
}