{
  "elapsed_s": 109.63771324092522,
  "perturbation_seed": 1033757444,
  "perturbation_value": 1.4036797415919715,
  "output_file_name": "validation_output.bin"
}