{
  "iter": 4,
  "opencode_elapsed_s": 953.511959314,
  "validation_elapsed_s": 416.0293670766987,
  "total_elapsed_s": 1369.5413263906987,
  "validation_passed": false,
  "input_tokens": 12528540,
  "output_tokens": 63630,
  "total_tokens": 12592170,
  "stall_aborted": false,
  "gen_queue_wait_s": 0.00019575096666812897,
  "val_queue_wait_s": 7208.37173776608
}