{
  "iter": 10,
  "opencode_elapsed_s": 243.005701303,
  "validation_elapsed_s": 456.66152167413384,
  "total_elapsed_s": 699.6672229771339,
  "validation_passed": false,
  "input_tokens": 128555,
  "output_tokens": 6108,
  "total_tokens": 1827407,
  "stall_aborted": false,
  "gen_queue_wait_s": 0.00019850116223096848,
  "val_queue_wait_s": 3671.9989733402617
}