{
  "iter": 10,
  "opencode_elapsed_s": 309.50302577,
  "validation_elapsed_s": 738.4115716451779,
  "total_elapsed_s": 1047.914597415178,
  "validation_passed": false,
  "input_tokens": 84760,
  "output_tokens": 5795,
  "total_tokens": 1047940,
  "stall_aborted": false,
  "gen_queue_wait_s": 0.0001627923920750618,
  "val_queue_wait_s": 1551.8686322760768
}