{
  "iter": 4,
  "opencode_elapsed_s": 997.436082363,
  "validation_elapsed_s": 481.8654090380296,
  "total_elapsed_s": 1479.3014914010296,
  "validation_passed": false,
  "input_tokens": 16413175,
  "output_tokens": 71131,
  "total_tokens": 16484306,
  "stall_aborted": false,
  "gen_queue_wait_s": 0.00010075001046061516,
  "val_queue_wait_s": 9105.094101028051
}