{
  "iter": 6,
  "opencode_elapsed_s": 1014.626320839,
  "validation_elapsed_s": 116.11860054498538,
  "total_elapsed_s": 1130.7449213839855,
  "validation_passed": false,
  "input_tokens": 3561496,
  "output_tokens": 17819,
  "total_tokens": 3579315,
  "stall_aborted": false,
  "gen_queue_wait_s": 0.00012879213318228722,
  "val_queue_wait_s": 766.9361596512608
}