{
  "iter": 6,
  "opencode_elapsed_s": 244.851419926,
  "validation_elapsed_s": 147.4454812379554,
  "total_elapsed_s": 392.2969011639554,
  "validation_passed": false,
  "input_tokens": 150549,
  "output_tokens": 11607,
  "total_tokens": 2780173,
  "stall_aborted": false,
  "gen_queue_wait_s": 8.308305405080318e-05,
  "val_queue_wait_s": 7018.117441732902
}