{
  "iter": 2,
  "opencode_elapsed_s": 86.130208015,
  "validation_elapsed_s": 671.3789107389748,
  "total_elapsed_s": 757.5091187539748,
  "validation_passed": false,
  "input_tokens": 214514,
  "output_tokens": 3409,
  "total_tokens": 605686,
  "stall_aborted": false,
  "gen_queue_wait_s": 934.8518801750615,
  "val_queue_wait_s": 1918.4291893090121
}