{
  "iter": 6,
  "opencode_elapsed_s": 223.844810963,
  "validation_elapsed_s": 406.2421671641059,
  "total_elapsed_s": 630.0869781271059,
  "validation_passed": false,
  "input_tokens": 262827,
  "output_tokens": 8546,
  "total_tokens": 1471992,
  "stall_aborted": false,
  "gen_queue_wait_s": 0.0,
  "val_queue_wait_s": 0.0007650461047887802
}