{
  "iter": 9,
  "opencode_elapsed_s": 141.312702417,
  "validation_elapsed_s": 358.11727601103485,
  "total_elapsed_s": 499.4299784280348,
  "validation_passed": false,
  "input_tokens": 207959,
  "output_tokens": 4707,
  "total_tokens": 1382507,
  "stall_aborted": false,
  "gen_queue_wait_s": 0.00020658806897699833,
  "val_queue_wait_s": 725.5907777890097
}