{
  "iter": 1,
  "opencode_elapsed_s": 737.49169445,
  "validation_elapsed_s": 685.0674988375977,
  "total_elapsed_s": 1422.5591932875977,
  "validation_passed": false,
  "input_tokens": 8873178,
  "output_tokens": 38435,
  "total_tokens": 8911613,
  "stall_aborted": false,
  "gen_queue_wait_s": 2727.1629118463024,
  "val_queue_wait_s": 5124.425516100135
}