{
  "iter": 3,
  "opencode_elapsed_s": 253.54129076,
  "validation_elapsed_s": 604.2150398776866,
  "total_elapsed_s": 857.7563306376867,
  "validation_passed": false,
  "input_tokens": 1415667,
  "output_tokens": 17867,
  "total_tokens": 1433534,
  "stall_aborted": false,
  "gen_queue_wait_s": 0.00013908278197050095,
  "val_queue_wait_s": 10907.468014978338
}