{
  "iter": 4,
  "opencode_elapsed_s": 806.98623395,
  "validation_elapsed_s": 672.7600211659446,
  "total_elapsed_s": 1479.7462551159447,
  "validation_passed": false,
  "input_tokens": 15509634,
  "output_tokens": 53186,
  "total_tokens": 15562820,
  "stall_aborted": false,
  "gen_queue_wait_s": 0.00017583416774868965,
  "val_queue_wait_s": 8122.724203784019
}