{
  "iter": 1,
  "opencode_elapsed_s": 371.195485592,
  "validation_elapsed_s": 547.3325687139295,
  "total_elapsed_s": 918.5280543059296,
  "validation_passed": false,
  "input_tokens": 1282111,
  "output_tokens": 16856,
  "total_tokens": 1298967,
  "stall_aborted": false,
  "gen_queue_wait_s": 1739.9407103401609,
  "val_queue_wait_s": 3803.745009710081
}