{
  "iter": 4,
  "opencode_elapsed_s": 1724.332711697,
  "validation_elapsed_s": 504.993932093028,
  "total_elapsed_s": 2229.326643790028,
  "validation_passed": true,
  "input_tokens": 7220938,
  "output_tokens": 85458,
  "total_tokens": 7306396,
  "stall_aborted": false,
  "gen_queue_wait_s": 0.00020612496882677078,
  "val_queue_wait_s": 1262.936899957247
}