{
  "iter": 7,
  "opencode_elapsed_s": 1434.968081713,
  "validation_elapsed_s": 541.2497364450246,
  "total_elapsed_s": 1976.2178181580246,
  "validation_passed": false,
  "input_tokens": 22893716,
  "output_tokens": 92619,
  "total_tokens": 22986335,
  "stall_aborted": false,
  "gen_queue_wait_s": 0.0001804167404770851,
  "val_queue_wait_s": 3517.2895650551654
}