{
  "iter": 2,
  "opencode_elapsed_s": 179.21122551,
  "validation_elapsed_s": 234.83565618493594,
  "total_elapsed_s": 414.0468816949359,
  "validation_passed": false,
  "input_tokens": 263458,
  "output_tokens": 4724,
  "total_tokens": 817269,
  "stall_aborted": false,
  "gen_queue_wait_s": 763.2278283629566,
  "val_queue_wait_s": 4780.874641915085
}