{
  "iter": 3,
  "opencode_elapsed_s": 985.785435915,
  "validation_elapsed_s": 389.9259730540216,
  "total_elapsed_s": 1375.7114089690217,
  "validation_passed": true,
  "input_tokens": 9761899,
  "output_tokens": 47350,
  "total_tokens": 9809249,
  "stall_aborted": false,
  "gen_queue_wait_s": 0.0002462523989379406,
  "val_queue_wait_s": 7248.2158347829245
}