{
  "iter": 3,
  "opencode_elapsed_s": 54.454691648,
  "validation_elapsed_s": 361.22821824112907,
  "total_elapsed_s": 415.68290988912906,
  "validation_passed": true,
  "input_tokens": 57763,
  "output_tokens": 2345,
  "total_tokens": 274656,
  "stall_aborted": false,
  "gen_queue_wait_s": 0.0001802931074053049,
  "val_queue_wait_s": 5789.590817448217
}