{
  "iter": 5,
  "opencode_elapsed_s": 541.888895512,
  "validation_elapsed_s": 734.7610892876983,
  "total_elapsed_s": 1276.6499847996984,
  "validation_passed": false,
  "input_tokens": 9005662,
  "output_tokens": 34540,
  "total_tokens": 9040202,
  "stall_aborted": false,
  "gen_queue_wait_s": 0.00017870916053652763,
  "val_queue_wait_s": 2304.237616613973
}