{
  "iter": 2,
  "opencode_elapsed_s": 231.241583824,
  "validation_elapsed_s": 394.0004205540754,
  "total_elapsed_s": 625.2420043780754,
  "validation_passed": false,
  "input_tokens": 171901,
  "output_tokens": 8836,
  "total_tokens": 1250669,
  "stall_aborted": false,
  "gen_queue_wait_s": 7.683318108320236e-05,
  "val_queue_wait_s": 5115.115965135861
}