{
  "iter": 2,
  "opencode_elapsed_s": 221.656923771,
  "validation_elapsed_s": 189.2611784231849,
  "total_elapsed_s": 410.91810219418494,
  "validation_passed": false,
  "input_tokens": 467203,
  "output_tokens": 8266,
  "total_tokens": 1642620,
  "stall_aborted": false,
  "gen_queue_wait_s": 834.1695380299352,
  "val_queue_wait_s": 3263.288756045047
}