{
  "iter": 4,
  "opencode_elapsed_s": 197.343007803,
  "validation_elapsed_s": 302.57479112176225,
  "total_elapsed_s": 499.9177989247622,
  "validation_passed": false,
  "input_tokens": 1404715,
  "output_tokens": 7420,
  "total_tokens": 1412135,
  "stall_aborted": false,
  "gen_queue_wait_s": 0.00031325221061706543,
  "val_queue_wait_s": 9902.773332933895
}