{
  "iter": 3,
  "opencode_elapsed_s": 260.167946815,
  "validation_elapsed_s": 512.9707266839687,
  "total_elapsed_s": 773.1386734989687,
  "validation_passed": false,
  "input_tokens": 290071,
  "output_tokens": 8850,
  "total_tokens": 1955174,
  "stall_aborted": false,
  "gen_queue_wait_s": 0.00029020197689533234,
  "val_queue_wait_s": 1242.1165665958542
}