{
  "iter": 3,
  "opencode_elapsed_s": 384.301136971,
  "validation_elapsed_s": 644.118142390158,
  "total_elapsed_s": 1028.419279361158,
  "validation_passed": false,
  "input_tokens": 4513677,
  "output_tokens": 25667,
  "total_tokens": 4539344,
  "stall_aborted": false,
  "gen_queue_wait_s": 0.00017483392730355263,
  "val_queue_wait_s": 6682.9275562362745
}