{
  "iter": 7,
  "opencode_elapsed_s": 1539.802560806,
  "validation_elapsed_s": 617.8325156946667,
  "total_elapsed_s": 2157.6350765006664,
  "validation_passed": false,
  "input_tokens": 14701395,
  "output_tokens": 68947,
  "total_tokens": 14770342,
  "stall_aborted": false,
  "gen_queue_wait_s": 0.00019470974802970886,
  "val_queue_wait_s": 8.999975398182869e-05
}