{
  "iter": 6,
  "opencode_elapsed_s": 271.26464057,
  "validation_elapsed_s": 512.2414057832211,
  "total_elapsed_s": 783.5060463532211,
  "validation_passed": false,
  "input_tokens": 136682,
  "output_tokens": 8831,
  "total_tokens": 2409302,
  "stall_aborted": false,
  "gen_queue_wait_s": 0.00018745893612504005,
  "val_queue_wait_s": 4589.289560250938
}