{
  "iter": 1,
  "opencode_elapsed_s": 540.532599926,
  "validation_elapsed_s": 80.86219129385427,
  "total_elapsed_s": 621.3947912198543,
  "validation_passed": false,
  "input_tokens": 5927292,
  "output_tokens": 34074,
  "total_tokens": 5961366,
  "stall_aborted": false,
  "gen_queue_wait_s": 0.0013610851019620895,
  "val_queue_wait_s": 894.4432196533307
}