{
  "iter": 2,
  "opencode_elapsed_s": 323.300209999,
  "validation_elapsed_s": 465.5065289931372,
  "total_elapsed_s": 788.8067389921372,
  "validation_passed": true,
  "input_tokens": 1869744,
  "output_tokens": 13987,
  "total_tokens": 1883731,
  "stall_aborted": false,
  "gen_queue_wait_s": 0.0,
  "val_queue_wait_s": 5397.762957239989
}