{
  "iter": 2,
  "opencode_elapsed_s": 529.703150749,
  "validation_elapsed_s": 389.3457083799876,
  "total_elapsed_s": 919.0488591289876,
  "validation_passed": false,
  "input_tokens": 4453476,
  "output_tokens": 24475,
  "total_tokens": 4477951,
  "stall_aborted": false,
  "gen_queue_wait_s": 0.0002077929675579071,
  "val_queue_wait_s": 3794.7204684698954
}