{
  "iter": 2,
  "opencode_elapsed_s": 210.640640736,
  "validation_elapsed_s": 464.1478834026493,
  "total_elapsed_s": 674.7885241386493,
  "validation_passed": false,
  "input_tokens": 462642,
  "output_tokens": 9099,
  "total_tokens": 1850251,
  "stall_aborted": false,
  "gen_queue_wait_s": 538.0021238368936,
  "val_queue_wait_s": 4454.560318866745
}