{
  "iter": 2,
  "opencode_elapsed_s": 213.588619232,
  "validation_elapsed_s": 125.38161607598886,
  "total_elapsed_s": 338.9702353079889,
  "validation_passed": false,
  "input_tokens": 342336,
  "output_tokens": 5818,
  "total_tokens": 2029845,
  "stall_aborted": false,
  "gen_queue_wait_s": 9.616604074835777e-05,
  "val_queue_wait_s": 5451.038579349872
}