{
  "iter": 8,
  "opencode_elapsed_s": 254.416526794,
  "validation_elapsed_s": 410.3268340919167,
  "total_elapsed_s": 664.7433608859167,
  "validation_passed": false,
  "input_tokens": 235847,
  "output_tokens": 3993,
  "total_tokens": 737370,
  "stall_aborted": false,
  "gen_queue_wait_s": 0.00017237616702914238,
  "val_queue_wait_s": 2259.747826586012
}