{
  "elapsed_s": 110.40315819205716,
  "perturbation_seed": 1806913474,
  "perturbation_value": 1.6168495086771169,
  "output_file_name": "validation_output.bin"
}