{
  "iter": 5,
  "opencode_elapsed_s": 462.261357307,
  "validation_elapsed_s": 386.8919046926312,
  "total_elapsed_s": 849.1532619996312,
  "validation_passed": false,
  "input_tokens": 3608340,
  "output_tokens": 35348,
  "total_tokens": 3643688,
  "stall_aborted": false,
  "gen_queue_wait_s": 0.0002293759025633335,
  "val_queue_wait_s": 5129.727277480997
}