{
  "iter": 3,
  "opencode_elapsed_s": 623.398894548,
  "validation_elapsed_s": 453.9367263941094,
  "total_elapsed_s": 1077.3356209421095,
  "validation_passed": false,
  "input_tokens": 5070336,
  "output_tokens": 50033,
  "total_tokens": 5120369,
  "stall_aborted": false,
  "gen_queue_wait_s": 5.8125704526901245e-05,
  "val_queue_wait_s": 6353.660209794063
}