{
  "iter": 7,
  "opencode_elapsed_s": 166.748842478,
  "validation_elapsed_s": 721.7087136730552,
  "total_elapsed_s": 888.4575561510552,
  "validation_passed": false,
  "input_tokens": 114554,
  "output_tokens": 5472,
  "total_tokens": 657665,
  "stall_aborted": false,
  "gen_queue_wait_s": 0.0001678760163486004,
  "val_queue_wait_s": 3507.4633422559127
}