{
  "iter": 2,
  "opencode_elapsed_s": 579.939471722,
  "validation_elapsed_s": 774.526043006219,
  "total_elapsed_s": 1354.465514728219,
  "validation_passed": true,
  "input_tokens": 1323114,
  "output_tokens": 28654,
  "total_tokens": 1351768,
  "stall_aborted": false,
  "gen_queue_wait_s": 0.00018141791224479675,
  "val_queue_wait_s": 5076.0547404056415
}