{
  "elapsed_s": 156.58223104989156,
  "perturbation_seed": 819308161,
  "perturbation_value": 0.0009929418879002267,
  "output_file_name": "validation_output.bin"
}