{
  "iter": 10,
  "opencode_elapsed_s": 298.746695042,
  "validation_elapsed_s": 261.81271510897204,
  "total_elapsed_s": 560.5594101509721,
  "validation_passed": false,
  "input_tokens": 263920,
  "output_tokens": 8786,
  "total_tokens": 3200094,
  "stall_aborted": false,
  "gen_queue_wait_s": 0.0001661290880292654,
  "val_queue_wait_s": 671.1606492979918
}