{
  "iter": 5,
  "opencode_elapsed_s": 3074.085174799,
  "validation_elapsed_s": 223.25766059197485,
  "total_elapsed_s": 3297.342835390975,
  "validation_passed": true,
  "input_tokens": 17369177,
  "output_tokens": 105397,
  "total_tokens": 17474574,
  "stall_aborted": false,
  "gen_queue_wait_s": 0.00024212501011788845,
  "val_queue_wait_s": 707.7606629389338
}