{
  "iter": 7,
  "opencode_elapsed_s": 107.319866657,
  "validation_elapsed_s": 189.1294234842062,
  "total_elapsed_s": 296.44929014120623,
  "validation_passed": false,
  "input_tokens": 103733,
  "output_tokens": 4689,
  "total_tokens": 1143887,
  "stall_aborted": false,
  "gen_queue_wait_s": 7.820711471140385e-05,
  "val_queue_wait_s": 557.4203467180487
}