{
  "iter": 4,
  "opencode_elapsed_s": 1140.024900436,
  "validation_elapsed_s": 329.62568977475166,
  "total_elapsed_s": 1469.6505902107517,
  "validation_passed": false,
  "input_tokens": 18006186,
  "output_tokens": 75279,
  "total_tokens": 18081465,
  "stall_aborted": false,
  "gen_queue_wait_s": 8.699996396899223e-05,
  "val_queue_wait_s": 7878.335594123695
}