{
  "iter": 5,
  "opencode_elapsed_s": 2228.973965168,
  "validation_elapsed_s": 393.73729621758685,
  "total_elapsed_s": 2622.711261385587,
  "validation_passed": false,
  "input_tokens": 20441828,
  "output_tokens": 98549,
  "total_tokens": 20540377,
  "stall_aborted": false,
  "gen_queue_wait_s": 0.0001066252589225769,
  "val_queue_wait_s": 3254.618882926181
}