{
  "iter": 5,
  "opencode_elapsed_s": 238.293856382,
  "validation_elapsed_s": 188.06142425118014,
  "total_elapsed_s": 426.35528063318014,
  "validation_passed": false,
  "input_tokens": 429972,
  "output_tokens": 11279,
  "total_tokens": 2084349,
  "stall_aborted": false,
  "gen_queue_wait_s": 0.00015921401791274548,
  "val_queue_wait_s": 2545.5447618660983
}