{
  "iter": 4,
  "opencode_elapsed_s": 242.963235617,
  "validation_elapsed_s": 425.4160566581413,
  "total_elapsed_s": 668.3792922751413,
  "validation_passed": false,
  "input_tokens": 96360,
  "output_tokens": 13454,
  "total_tokens": 933237,
  "stall_aborted": false,
  "gen_queue_wait_s": 7.041823118925095e-05,
  "val_queue_wait_s": 108.81416016630828
}