{
  "elapsed_s": 111.21225281991065,
  "perturbation_seed": 824159323,
  "perturbation_value": 1.6082649728358263,
  "output_file_name": "validation_output.bin"
}