{
  "iter": 1,
  "opencode_elapsed_s": 278.742334127,
  "validation_elapsed_s": 47.635382351931185,
  "total_elapsed_s": 326.3777164789312,
  "validation_passed": false,
  "input_tokens": 439472,
  "output_tokens": 13826,
  "total_tokens": 2057604,
  "stall_aborted": false,
  "gen_queue_wait_s": 163.94865052588284,
  "val_queue_wait_s": 218.4507086169906
}