{
  "iter": 3,
  "opencode_elapsed_s": 581.012008905,
  "validation_elapsed_s": 285.8026822898537,
  "total_elapsed_s": 866.8146911948537,
  "validation_passed": false,
  "input_tokens": 3754323,
  "output_tokens": 40382,
  "total_tokens": 3794705,
  "stall_aborted": false,
  "gen_queue_wait_s": 0.00020687514916062355,
  "val_queue_wait_s": 7978.147670187056
}