{
  "iter": 1,
  "opencode_elapsed_s": 394.695453882,
  "validation_elapsed_s": 398.50689229601994,
  "total_elapsed_s": 793.20234617802,
  "validation_passed": false,
  "input_tokens": 399680,
  "output_tokens": 14690,
  "total_tokens": 3759871,
  "stall_aborted": false,
  "gen_queue_wait_s": 0.001153040211647749,
  "val_queue_wait_s": 32.73519140202552
}