{
  "iter": 9,
  "opencode_elapsed_s": 212.2920959,
  "validation_elapsed_s": 514.1489290869795,
  "total_elapsed_s": 726.4410249869795,
  "validation_passed": false,
  "input_tokens": 76156,
  "output_tokens": 4559,
  "total_tokens": 631531,
  "stall_aborted": false,
  "gen_queue_wait_s": 0.00017374800518155098,
  "val_queue_wait_s": 5035.331282990985
}