{
  "iter": 6,
  "opencode_elapsed_s": 1137.186679125,
  "validation_elapsed_s": 359.83924867399037,
  "total_elapsed_s": 1497.0259277989903,
  "validation_passed": false,
  "input_tokens": 13194679,
  "output_tokens": 63191,
  "total_tokens": 13257870,
  "stall_aborted": false,
  "gen_queue_wait_s": 0.00018650060519576073,
  "val_queue_wait_s": 2611.9494894403033
}