{
  "iter": 6,
  "opencode_elapsed_s": 399.870129347,
  "validation_elapsed_s": 296.27428214624524,
  "total_elapsed_s": 696.1444114932452,
  "validation_passed": false,
  "input_tokens": 183294,
  "output_tokens": 6883,
  "total_tokens": 983728,
  "stall_aborted": false,
  "gen_queue_wait_s": 0.00018916605040431023,
  "val_queue_wait_s": 285.2187170078978
}