{
  "iter": 1,
  "opencode_elapsed_s": 500.706178188,
  "validation_elapsed_s": 502.9667116049677,
  "total_elapsed_s": 1003.6728897929677,
  "validation_passed": false,
  "input_tokens": 4137867,
  "output_tokens": 22459,
  "total_tokens": 4160326,
  "stall_aborted": false,
  "gen_queue_wait_s": 2872.8505024181213,
  "val_queue_wait_s": 5926.68040867988
}