{
  "iter": 1,
  "opencode_elapsed_s": 493.398951054,
  "validation_elapsed_s": 348.9559501600452,
  "total_elapsed_s": 842.3549012140452,
  "validation_passed": false,
  "input_tokens": 8208526,
  "output_tokens": 28913,
  "total_tokens": 8237439,
  "stall_aborted": false,
  "gen_queue_wait_s": 0.0016060019843280315,
  "val_queue_wait_s": 592.5358442207798
}