{
  "iter": 1,
  "opencode_elapsed_s": 152.901884556,
  "validation_elapsed_s": 291.1936896140687,
  "total_elapsed_s": 444.09557417006874,
  "validation_passed": false,
  "input_tokens": 414330,
  "output_tokens": 8117,
  "total_tokens": 1188106,
  "stall_aborted": false,
  "gen_queue_wait_s": 602.0515586589463,
  "val_queue_wait_s": 1042.1919706519693
}