{
  "elapsed_s": 122.12361962487921,
  "perturbation_seed": 1506179236,
  "perturbation_value": 0.5183806630777539,
  "output_file_name": "validation_output.bin"
}