{
  "iter": 4,
  "opencode_elapsed_s": 284.263498068,
  "validation_elapsed_s": 194.7631848268211,
  "total_elapsed_s": 479.0266828948211,
  "validation_passed": false,
  "input_tokens": 244664,
  "output_tokens": 6292,
  "total_tokens": 1152348,
  "stall_aborted": false,
  "gen_queue_wait_s": 0.013927806168794632,
  "val_queue_wait_s": 4739.400373950135
}