{
  "iter": 2,
  "opencode_elapsed_s": 225.521187782,
  "validation_elapsed_s": 397.0328312837519,
  "total_elapsed_s": 622.5540190657518,
  "validation_passed": true,
  "input_tokens": 338713,
  "output_tokens": 9018,
  "total_tokens": 1770745,
  "stall_aborted": false,
  "gen_queue_wait_s": 803.9079893818125,
  "val_queue_wait_s": 4124.442897780798
}