{
  "iter": 4,
  "opencode_elapsed_s": 2835.793957949,
  "validation_elapsed_s": 412.6129472218454,
  "total_elapsed_s": 3248.406905170845,
  "validation_passed": false,
  "input_tokens": 52100446,
  "output_tokens": 126989,
  "total_tokens": 52227435,
  "stall_aborted": false,
  "gen_queue_wait_s": 0.0001250430941581726,
  "val_queue_wait_s": 4938.926836460363
}