{
  "iter": 5,
  "opencode_elapsed_s": 295.740683079,
  "validation_elapsed_s": 119.73961337888613,
  "total_elapsed_s": 415.48029645788614,
  "validation_passed": false,
  "input_tokens": 356948,
  "output_tokens": 8811,
  "total_tokens": 1753236,
  "stall_aborted": false,
  "gen_queue_wait_s": 0.00019287783652544022,
  "val_queue_wait_s": 6034.017301963177
}