{
  "iter": 3,
  "opencode_elapsed_s": 268.129312038,
  "validation_elapsed_s": 406.0728666209616,
  "total_elapsed_s": 674.2021786589617,
  "validation_passed": false,
  "input_tokens": 107265,
  "output_tokens": 7764,
  "total_tokens": 1026982,
  "stall_aborted": false,
  "gen_queue_wait_s": 0.00017446093261241913,
  "val_queue_wait_s": 6558.685083308024
}