{
  "iter": 3,
  "opencode_elapsed_s": 540.971470833,
  "validation_elapsed_s": 343.8198422752321,
  "total_elapsed_s": 884.7913131082321,
  "validation_passed": false,
  "input_tokens": 240973,
  "output_tokens": 24467,
  "total_tokens": 7973689,
  "stall_aborted": false,
  "gen_queue_wait_s": 0.0,
  "val_queue_wait_s": 2201.088667411823
}