{
  "elapsed_s": 110.13471803208813,
  "perturbation_seed": 785379268,
  "perturbation_value": 1.3955760639733072,
  "output_file_name": "validation_output.bin"
}