{
  "iter": 10,
  "opencode_elapsed_s": 278.767395496,
  "validation_elapsed_s": 382.88858076091856,
  "total_elapsed_s": 661.6559762569186,
  "validation_passed": true,
  "input_tokens": 123481,
  "output_tokens": 10672,
  "total_tokens": 1011991,
  "stall_aborted": false,
  "gen_queue_wait_s": 0.00015870900824666023,
  "val_queue_wait_s": 3665.3805817831308
}