{
  "iter": 3,
  "opencode_elapsed_s": 840.789878845,
  "validation_elapsed_s": 487.56013125693426,
  "total_elapsed_s": 1328.3500101019342,
  "validation_passed": false,
  "input_tokens": 7434968,
  "output_tokens": 65298,
  "total_tokens": 7500266,
  "stall_aborted": false,
  "gen_queue_wait_s": 0.00016416795551776886,
  "val_queue_wait_s": 6734.448029296938
}