{
  "iter": 3,
  "opencode_elapsed_s": 412.626813173,
  "validation_elapsed_s": 407.56473697698675,
  "total_elapsed_s": 820.1915501499868,
  "validation_passed": true,
  "input_tokens": 3958861,
  "output_tokens": 18712,
  "total_tokens": 3977573,
  "stall_aborted": false,
  "gen_queue_wait_s": 0.0,
  "val_queue_wait_s": 242.61440112092532
}