{
  "iter": 4,
  "opencode_elapsed_s": 251.30571723,
  "validation_elapsed_s": 123.36834180913866,
  "total_elapsed_s": 374.6740590391387,
  "validation_passed": false,
  "input_tokens": 436468,
  "output_tokens": 10843,
  "total_tokens": 2699023,
  "stall_aborted": false,
  "gen_queue_wait_s": 8.104112930595875e-05,
  "val_queue_wait_s": 1222.1939655819442
}