{
  "iter": 2,
  "opencode_elapsed_s": 228.324944973,
  "validation_elapsed_s": 900.0069259502925,
  "total_elapsed_s": 1128.3318709232924,
  "validation_passed": false,
  "input_tokens": 1756908,
  "output_tokens": 14945,
  "total_tokens": 1771853,
  "stall_aborted": false,
  "gen_queue_wait_s": 0.0,
  "val_queue_wait_s": 4202.846945618279
}