{
  "iter": 7,
  "opencode_elapsed_s": 168.165828228,
  "validation_elapsed_s": 323.43489024601877,
  "total_elapsed_s": 491.6007184740188,
  "validation_passed": false,
  "input_tokens": 191900,
  "output_tokens": 8491,
  "total_tokens": 1496548,
  "stall_aborted": false,
  "gen_queue_wait_s": 0.0001792479306459427,
  "val_queue_wait_s": 343.48990140482783
}