{
  "iter": 2,
  "opencode_elapsed_s": 156.122925282,
  "validation_elapsed_s": 408.00984493503347,
  "total_elapsed_s": 564.1327702170335,
  "validation_passed": true,
  "input_tokens": 1049151,
  "output_tokens": 9786,
  "total_tokens": 1058937,
  "stall_aborted": false,
  "gen_queue_wait_s": 0.00031316885724663734,
  "val_queue_wait_s": 6107.47618973488
}