{
  "iter": 8,
  "opencode_elapsed_s": 335.495493412,
  "validation_elapsed_s": 550.6618465217762,
  "total_elapsed_s": 886.1573399337761,
  "validation_passed": false,
  "input_tokens": 308959,
  "output_tokens": 14173,
  "total_tokens": 2352661,
  "stall_aborted": false,
  "gen_queue_wait_s": 0.00011087488383054733,
  "val_queue_wait_s": 37.90878349170089
}