{
  "iter": 8,
  "opencode_elapsed_s": 1064.579294443,
  "validation_elapsed_s": 714.725858009886,
  "total_elapsed_s": 1779.305152452886,
  "validation_passed": false,
  "input_tokens": 15641110,
  "output_tokens": 71455,
  "total_tokens": 15712565,
  "stall_aborted": false,
  "gen_queue_wait_s": 0.0003604590892791748,
  "val_queue_wait_s": 993.1166191357188
}