{
  "iter": 6,
  "opencode_elapsed_s": 265.339946747,
  "validation_elapsed_s": 515.6528528868221,
  "total_elapsed_s": 780.9927996338221,
  "validation_passed": false,
  "input_tokens": 105506,
  "output_tokens": 4108,
  "total_tokens": 886683,
  "stall_aborted": false,
  "gen_queue_wait_s": 0.00018262304365634918,
  "val_queue_wait_s": 3848.13633535197
}