{
  "iter": 4,
  "opencode_elapsed_s": 1540.434002399,
  "validation_elapsed_s": 343.7603021590039,
  "total_elapsed_s": 1884.194304558004,
  "validation_passed": false,
  "input_tokens": 66403,
  "output_tokens": 1446,
  "total_tokens": 100355,
  "stall_aborted": false,
  "gen_queue_wait_s": 0.00017179269343614578,
  "val_queue_wait_s": 3580.4641804718412
}