{
  "iter": 3,
  "opencode_elapsed_s": 156.084607601,
  "validation_elapsed_s": 390.724984443048,
  "total_elapsed_s": 546.809592044048,
  "validation_passed": false,
  "input_tokens": 123784,
  "output_tokens": 4731,
  "total_tokens": 1378056,
  "stall_aborted": false,
  "gen_queue_wait_s": 0.0001440010964870453,
  "val_queue_wait_s": 5532.070005394984
}