{
  "iter": 10,
  "opencode_elapsed_s": 356.909151316,
  "validation_elapsed_s": 262.7708817659877,
  "total_elapsed_s": 619.6800330819877,
  "validation_passed": false,
  "input_tokens": 118484,
  "output_tokens": 4948,
  "total_tokens": 1525818,
  "stall_aborted": false,
  "gen_queue_wait_s": 0.0001915828324854374,
  "val_queue_wait_s": 3769.2187543818727
}