{
  "iter": 4,
  "opencode_elapsed_s": 864.210964918,
  "validation_elapsed_s": 398.83984826272354,
  "total_elapsed_s": 1263.0508131807235,
  "validation_passed": false,
  "input_tokens": 535648,
  "output_tokens": 10469,
  "total_tokens": 2131477,
  "stall_aborted": false,
  "gen_queue_wait_s": 0.0001510828733444214,
  "val_queue_wait_s": 3669.8935668892227
}