{
  "iter": 7,
  "opencode_elapsed_s": 2109.998395205,
  "validation_elapsed_s": 428.97888998198323,
  "total_elapsed_s": 2538.9772851869834,
  "validation_passed": false,
  "input_tokens": 9179947,
  "output_tokens": 60001,
  "total_tokens": 9239948,
  "stall_aborted": false,
  "gen_queue_wait_s": 0.00010124989785254002,
  "val_queue_wait_s": 0.00011229421943426132
}