{
  "iter": 7,
  "opencode_elapsed_s": 323.166936636,
  "validation_elapsed_s": 288.88995628617704,
  "total_elapsed_s": 612.056892922177,
  "validation_passed": false,
  "input_tokens": 115988,
  "output_tokens": 4622,
  "total_tokens": 773972,
  "stall_aborted": false,
  "gen_queue_wait_s": 0.000299881212413311,
  "val_queue_wait_s": 3585.07496890286
}