{
  "iter": 7,
  "opencode_elapsed_s": 222.95362401,
  "validation_elapsed_s": 407.71936587197706,
  "total_elapsed_s": 630.6729898819771,
  "validation_passed": false,
  "input_tokens": 336178,
  "output_tokens": 9526,
  "total_tokens": 1989878,
  "stall_aborted": false,
  "gen_queue_wait_s": 7.091788575053215e-05,
  "val_queue_wait_s": 3562.5818532998674
}