{
  "iter": 5,
  "opencode_elapsed_s": 154.555404425,
  "validation_elapsed_s": 608.1403366969898,
  "total_elapsed_s": 762.6957411219898,
  "validation_passed": false,
  "input_tokens": 79135,
  "output_tokens": 3701,
  "total_tokens": 593047,
  "stall_aborted": false,
  "gen_queue_wait_s": 0.00018300185911357403,
  "val_queue_wait_s": 4918.21115202317
}