{
  "iter": 3,
  "opencode_elapsed_s": 639.788202286,
  "validation_elapsed_s": 712.8751251096837,
  "total_elapsed_s": 1352.6633273956836,
  "validation_passed": false,
  "input_tokens": 6525246,
  "output_tokens": 50425,
  "total_tokens": 6575671,
  "stall_aborted": false,
  "gen_queue_wait_s": 0.00017195940017700195,
  "val_queue_wait_s": 9866.57646225905
}