{
  "iter": 1,
  "opencode_elapsed_s": 477.009053469,
  "validation_elapsed_s": 342.7196423090063,
  "total_elapsed_s": 819.7286957780063,
  "validation_passed": false,
  "input_tokens": 7330166,
  "output_tokens": 29019,
  "total_tokens": 7359185,
  "stall_aborted": false,
  "gen_queue_wait_s": 0.0016984851099550724,
  "val_queue_wait_s": 486.7753864922561
}