{
  "iter": 2,
  "opencode_elapsed_s": 241.75744319,
  "validation_elapsed_s": 800.1217491580173,
  "total_elapsed_s": 1041.8791923480173,
  "validation_passed": true,
  "input_tokens": 1148081,
  "output_tokens": 19016,
  "total_tokens": 1167097,
  "stall_aborted": false,
  "gen_queue_wait_s": 0.0002837930805981159,
  "val_queue_wait_s": 6262.498345484957
}