{
  "iter": 2,
  "opencode_elapsed_s": 860.400881529,
  "validation_elapsed_s": 900.0020314352587,
  "total_elapsed_s": 1760.4029129642586,
  "validation_passed": false,
  "input_tokens": 11231230,
  "output_tokens": 35595,
  "total_tokens": 11266825,
  "stall_aborted": false,
  "gen_queue_wait_s": 0.0002885027788579464,
  "val_queue_wait_s": 5769.646637045778
}