{
  "iter": 3,
  "opencode_elapsed_s": 85.272698879,
  "validation_elapsed_s": 517.838201077655,
  "total_elapsed_s": 603.110899956655,
  "validation_passed": false,
  "input_tokens": 70177,
  "output_tokens": 3835,
  "total_tokens": 258458,
  "stall_aborted": false,
  "gen_queue_wait_s": 0.0,
  "val_queue_wait_s": 1273.4086597356945
}