{
  "iter": 2,
  "opencode_elapsed_s": 217.096606493,
  "validation_elapsed_s": 162.53008051612414,
  "total_elapsed_s": 379.6266870091241,
  "validation_passed": false,
  "input_tokens": 253677,
  "output_tokens": 7196,
  "total_tokens": 1577097,
  "stall_aborted": false,
  "gen_queue_wait_s": 0.0001933739986270666,
  "val_queue_wait_s": 6343.890821570065
}