{
  "iter": 2,
  "opencode_elapsed_s": 785.177618265,
  "validation_elapsed_s": 501.82692503300495,
  "total_elapsed_s": 1287.004543298005,
  "validation_passed": false,
  "input_tokens": 3650067,
  "output_tokens": 25196,
  "total_tokens": 3675263,
  "stall_aborted": false,
  "gen_queue_wait_s": 0.0,
  "val_queue_wait_s": 2523.177238655975
}