{
  "iter": 2,
  "opencode_elapsed_s": 483.957777262,
  "validation_elapsed_s": 766.1534900488332,
  "total_elapsed_s": 1250.1112673108332,
  "validation_passed": false,
  "input_tokens": 1039241,
  "output_tokens": 5468,
  "total_tokens": 1044709,
  "stall_aborted": false,
  "gen_queue_wait_s": 104.83847547369078,
  "val_queue_wait_s": 4868.088713422883
}