{
  "iter": 6,
  "opencode_elapsed_s": 44.571817398,
  "validation_elapsed_s": 262.79471796378493,
  "total_elapsed_s": 307.36653536178494,
  "validation_passed": true,
  "input_tokens": 210720,
  "output_tokens": 2192,
  "total_tokens": 212912,
  "stall_aborted": false,
  "gen_queue_wait_s": 0.00020849984139204025,
  "val_queue_wait_s": 2474.250541116111
}