{
  "iter": 5,
  "opencode_elapsed_s": 360.165106773,
  "validation_elapsed_s": 480.45617574779317,
  "total_elapsed_s": 840.6212825207931,
  "validation_passed": false,
  "input_tokens": 298250,
  "output_tokens": 7579,
  "total_tokens": 1467737,
  "stall_aborted": false,
  "gen_queue_wait_s": 0.00027066608890891075,
  "val_queue_wait_s": 4569.513862996828
}