{
  "iter": 1,
  "opencode_elapsed_s": 273.463308334,
  "validation_elapsed_s": 263.90631355019286,
  "total_elapsed_s": 537.3696218841928,
  "validation_passed": false,
  "input_tokens": 352236,
  "output_tokens": 8481,
  "total_tokens": 1435641,
  "stall_aborted": false,
  "gen_queue_wait_s": 0.002184145152568817,
  "val_queue_wait_s": 0.0001234598457813263
}