{
  "iter": 2,
  "opencode_elapsed_s": 110.600388765,
  "validation_elapsed_s": 89.84402027120814,
  "total_elapsed_s": 200.44440903620813,
  "validation_passed": false,
  "input_tokens": 246572,
  "output_tokens": 4025,
  "total_tokens": 772587,
  "stall_aborted": false,
  "gen_queue_wait_s": 7.645785808563232e-05,
  "val_queue_wait_s": 5533.626266448293
}