{
  "iter": 2,
  "opencode_elapsed_s": 215.716524601,
  "validation_elapsed_s": 649.0620651398785,
  "total_elapsed_s": 864.7785897408785,
  "validation_passed": false,
  "input_tokens": 1512551,
  "output_tokens": 13875,
  "total_tokens": 1526426,
  "stall_aborted": false,
  "gen_queue_wait_s": 0.0,
  "val_queue_wait_s": 3553.7732744039968
}