{
  "iter": 3,
  "opencode_elapsed_s": 700.252739429,
  "validation_elapsed_s": 260.6756139937788,
  "total_elapsed_s": 960.9283534227789,
  "validation_passed": false,
  "input_tokens": 5789317,
  "output_tokens": 52762,
  "total_tokens": 5842079,
  "stall_aborted": false,
  "gen_queue_wait_s": 6.983289495110512e-05,
  "val_queue_wait_s": 4214.700837167911
}