{
  "iter": 2,
  "opencode_elapsed_s": 671.319625139,
  "validation_elapsed_s": 410.9541696389206,
  "total_elapsed_s": 1082.2737947779206,
  "validation_passed": false,
  "input_tokens": 2306877,
  "output_tokens": 27220,
  "total_tokens": 2334097,
  "stall_aborted": false,
  "gen_queue_wait_s": 0.00021958490833640099,
  "val_queue_wait_s": 5266.8057027719915
}