{
  "iter": 2,
  "opencode_elapsed_s": 189.489947796,
  "validation_elapsed_s": 460.9577132060658,
  "total_elapsed_s": 650.4476610020658,
  "validation_passed": false,
  "input_tokens": 1069039,
  "output_tokens": 7509,
  "total_tokens": 1076548,
  "stall_aborted": false,
  "gen_queue_wait_s": 0.0002240450121462345,
  "val_queue_wait_s": 274.9273946599569
}