{
  "iter": 4,
  "opencode_elapsed_s": 208.113567591,
  "validation_elapsed_s": 126.83375678700395,
  "total_elapsed_s": 334.94732437800394,
  "validation_passed": false,
  "input_tokens": 98672,
  "output_tokens": 4275,
  "total_tokens": 722349,
  "stall_aborted": false,
  "gen_queue_wait_s": 0.00015329313464462757,
  "val_queue_wait_s": 9940.831908876076
}