{
  "iter": 2,
  "opencode_elapsed_s": 1468.05103898,
  "validation_elapsed_s": 900.0014180019498,
  "total_elapsed_s": 2368.05245698195,
  "validation_passed": false,
  "input_tokens": 14685516,
  "output_tokens": 77113,
  "total_tokens": 14762629,
  "stall_aborted": false,
  "gen_queue_wait_s": 0.0002072928473353386,
  "val_queue_wait_s": 5362.995132015087
}