{
  "iter": 4,
  "opencode_elapsed_s": 651.756275654,
  "validation_elapsed_s": 210.01406064489856,
  "total_elapsed_s": 861.7703362988985,
  "validation_passed": false,
  "input_tokens": 8977283,
  "output_tokens": 38786,
  "total_tokens": 9016069,
  "stall_aborted": false,
  "gen_queue_wait_s": 0.00017812475562095642,
  "val_queue_wait_s": 10845.725634225179
}