{
  "iter": 6,
  "opencode_elapsed_s": 177.366513968,
  "validation_elapsed_s": 373.55216762283817,
  "total_elapsed_s": 550.9186815908381,
  "validation_passed": false,
  "input_tokens": 65571,
  "output_tokens": 3179,
  "total_tokens": 461356,
  "stall_aborted": false,
  "gen_queue_wait_s": 0.00011799996718764305,
  "val_queue_wait_s": 222.4721522689797
}