{
  "elapsed_s": 109.42289368296042,
  "perturbation_seed": 789125663,
  "perturbation_value": 1.4018581462870974,
  "output_file_name": "validation_output.bin"
}