{
  "elapsed_s": 121.4695062849205,
  "perturbation_seed": 823274225,
  "perturbation_value": 0.5183625005044272,
  "output_file_name": "validation_output.bin"
}