{
  "elapsed_s": 63.65968839102425,
  "perturbation_seed": 1337515876,
  "perturbation_value": 0.09919034733895464,
  "output_file_name": "validation_output.bin"
}