{
  "elapsed_s": 62.712301885942,
  "perturbation_seed": 386244942,
  "perturbation_value": 0.10007771124760931,
  "output_file_name": "validation_output.bin"
}