{
  "iter": 3,
  "opencode_elapsed_s": 465.441997528,
  "validation_elapsed_s": 508.0767996571958,
  "total_elapsed_s": 973.5187971851958,
  "validation_passed": false,
  "input_tokens": 1515213,
  "output_tokens": 16703,
  "total_tokens": 1531916,
  "stall_aborted": false,
  "gen_queue_wait_s": 0.00020308280363678932,
  "val_queue_wait_s": 8263.987720062025
}