{
  "iter": 6,
  "opencode_elapsed_s": 461.344942808,
  "validation_elapsed_s": 381.66116443416104,
  "total_elapsed_s": 843.0061072421611,
  "validation_passed": false,
  "input_tokens": 3992140,
  "output_tokens": 33786,
  "total_tokens": 4025926,
  "stall_aborted": false,
  "gen_queue_wait_s": 0.00033866800367832184,
  "val_queue_wait_s": 3355.902533225715
}