{
  "iter": 1,
  "opencode_elapsed_s": 336.519735813,
  "validation_elapsed_s": 900.0009862962179,
  "total_elapsed_s": 1236.5207221092178,
  "validation_passed": false,
  "input_tokens": 3401066,
  "output_tokens": 16776,
  "total_tokens": 3417842,
  "stall_aborted": false,
  "gen_queue_wait_s": 552.7893064590171,
  "val_queue_wait_s": 654.9401727369986
}