{
  "iter": 3,
  "opencode_elapsed_s": 102.123477459,
  "validation_elapsed_s": 189.125448144041,
  "total_elapsed_s": 291.248925603041,
  "validation_passed": false,
  "input_tokens": 189954,
  "output_tokens": 3742,
  "total_tokens": 431805,
  "stall_aborted": false,
  "gen_queue_wait_s": 0.0,
  "val_queue_wait_s": 0.01477456372231245
}