{
  "iter": 1,
  "opencode_elapsed_s": 708.864889383,
  "validation_elapsed_s": 387.20948055712506,
  "total_elapsed_s": 1096.074369940125,
  "validation_passed": false,
  "input_tokens": 8812596,
  "output_tokens": 44630,
  "total_tokens": 8857226,
  "stall_aborted": false,
  "gen_queue_wait_s": 493.8152646017261,
  "val_queue_wait_s": 5256.882496400271
}