{
  "iter": 2,
  "opencode_elapsed_s": 290.461361647,
  "validation_elapsed_s": 617.9475705600344,
  "total_elapsed_s": 908.4089322070344,
  "validation_passed": false,
  "input_tokens": 465460,
  "output_tokens": 6421,
  "total_tokens": 1906846,
  "stall_aborted": false,
  "gen_queue_wait_s": 0.00017737410962581635,
  "val_queue_wait_s": 5816.040698370896
}