{
  "iter": 1,
  "opencode_elapsed_s": 746.546031237,
  "validation_elapsed_s": 512.9304987872019,
  "total_elapsed_s": 1259.476530024202,
  "validation_passed": true,
  "input_tokens": 9321983,
  "output_tokens": 34266,
  "total_tokens": 9356249,
  "stall_aborted": false,
  "gen_queue_wait_s": 3465.301113063004,
  "val_queue_wait_s": 6401.94967412902
}