{
  "iter": 5,
  "opencode_elapsed_s": 307.592778921,
  "validation_elapsed_s": 530.444872844033,
  "total_elapsed_s": 838.0376517650329,
  "validation_passed": false,
  "input_tokens": 2431425,
  "output_tokens": 15700,
  "total_tokens": 2447125,
  "stall_aborted": false,
  "gen_queue_wait_s": 0.0002010418102145195,
  "val_queue_wait_s": 2378.0479305260815
}