{
  "iter": 1,
  "opencode_elapsed_s": 1028.124438047,
  "validation_elapsed_s": 900.0027248449624,
  "total_elapsed_s": 1928.1271628919624,
  "validation_passed": false,
  "input_tokens": 4665037,
  "output_tokens": 34831,
  "total_tokens": 4699868,
  "stall_aborted": false,
  "gen_queue_wait_s": 846.7925746957771,
  "val_queue_wait_s": 2753.981943235267
}