{
  "iter": 4,
  "opencode_elapsed_s": 268.40327239,
  "validation_elapsed_s": 412.818882699823,
  "total_elapsed_s": 681.222155089823,
  "validation_passed": false,
  "input_tokens": 42685,
  "output_tokens": 2534,
  "total_tokens": 140079,
  "stall_aborted": false,
  "gen_queue_wait_s": 0.0001886261161416769,
  "val_queue_wait_s": 9397.934359665029
}