{
  "iter": 3,
  "opencode_elapsed_s": 225.496843338,
  "validation_elapsed_s": 297.2809866592288,
  "total_elapsed_s": 522.7778299972288,
  "validation_passed": false,
  "input_tokens": 1335780,
  "output_tokens": 9914,
  "total_tokens": 1345694,
  "stall_aborted": false,
  "gen_queue_wait_s": 0.00022708531469106674,
  "val_queue_wait_s": 10627.713694828097
}