{
  "iter": 7,
  "opencode_elapsed_s": 1104.794993877,
  "validation_elapsed_s": 388.9134985236451,
  "total_elapsed_s": 1493.7084924006451,
  "validation_passed": true,
  "input_tokens": 10961733,
  "output_tokens": 51220,
  "total_tokens": 11012953,
  "stall_aborted": false,
  "gen_queue_wait_s": 5.458388477563858e-05,
  "val_queue_wait_s": 170.05025453213602
}