{
  "elapsed_s": 108.64129160693847,
  "perturbation_seed": 813030852,
  "perturbation_value": 1.4013319108751587,
  "output_file_name": "validation_output.bin"
}