{
  "iter": 2,
  "opencode_elapsed_s": 153.185978651,
  "validation_elapsed_s": 527.5023303860798,
  "total_elapsed_s": 680.6883090370799,
  "validation_passed": true,
  "input_tokens": 825770,
  "output_tokens": 9707,
  "total_tokens": 835477,
  "stall_aborted": false,
  "gen_queue_wait_s": 452.50337210996076,
  "val_queue_wait_s": 8847.430437758565
}