{
  "iter": 1,
  "opencode_elapsed_s": 717.311679363,
  "validation_elapsed_s": 342.7370552329812,
  "total_elapsed_s": 1060.0487345959814,
  "validation_passed": false,
  "input_tokens": 7240921,
  "output_tokens": 34523,
  "total_tokens": 7275444,
  "stall_aborted": false,
  "gen_queue_wait_s": 0.002950038993731141,
  "val_queue_wait_s": 2243.6173399998806
}