{
  "iter": 6,
  "opencode_elapsed_s": 137.652578592,
  "validation_elapsed_s": 356.32211451698095,
  "total_elapsed_s": 493.97469310898094,
  "validation_passed": false,
  "input_tokens": 743856,
  "output_tokens": 10828,
  "total_tokens": 754684,
  "stall_aborted": false,
  "gen_queue_wait_s": 0.0001955418847501278,
  "val_queue_wait_s": 4225.125390108209
}