{
  "iter": 5,
  "opencode_elapsed_s": 107.469405651,
  "validation_elapsed_s": 359.0304822730832,
  "total_elapsed_s": 466.49988792408317,
  "validation_passed": false,
  "input_tokens": 114306,
  "output_tokens": 4607,
  "total_tokens": 723607,
  "stall_aborted": false,
  "gen_queue_wait_s": 0.0001752120442688465,
  "val_queue_wait_s": 6219.070734282024
}