{
  "iter": 1,
  "opencode_elapsed_s": 566.209592819,
  "validation_elapsed_s": 505.127844825387,
  "total_elapsed_s": 1071.3374376443871,
  "validation_passed": false,
  "input_tokens": 3582826,
  "output_tokens": 20808,
  "total_tokens": 3603634,
  "stall_aborted": false,
  "gen_queue_wait_s": 1981.3508606520481,
  "val_queue_wait_s": 6087.39008995099
}