{
  "iter": 8,
  "opencode_elapsed_s": 755.027864218,
  "validation_elapsed_s": 187.67693404201418,
  "total_elapsed_s": 942.7047982600142,
  "validation_passed": false,
  "input_tokens": 11852712,
  "output_tokens": 46463,
  "total_tokens": 11899175,
  "stall_aborted": false,
  "gen_queue_wait_s": 0.00017075100913643837,
  "val_queue_wait_s": 424.9913282217458
}