{
  "iter": 3,
  "opencode_elapsed_s": 2235.62750864,
  "validation_elapsed_s": 117.85005028219894,
  "total_elapsed_s": 2353.477558922199,
  "validation_passed": false,
  "input_tokens": 18633181,
  "output_tokens": 99745,
  "total_tokens": 18732926,
  "stall_aborted": false,
  "gen_queue_wait_s": 0.00022387737408280373,
  "val_queue_wait_s": 11343.500200178009
}