{
  "iter": 7,
  "opencode_elapsed_s": 3262.824372768,
  "validation_elapsed_s": 167.72408208297566,
  "total_elapsed_s": 3430.5484548509758,
  "validation_passed": false,
  "input_tokens": 26804898,
  "output_tokens": 98119,
  "total_tokens": 26903017,
  "stall_aborted": false,
  "gen_queue_wait_s": 0.00020620785653591156,
  "val_queue_wait_s": 227.03186165099032
}