{
  "iter": 4,
  "opencode_elapsed_s": 271.396763325,
  "validation_elapsed_s": 203.56492661195807,
  "total_elapsed_s": 474.96168993695807,
  "validation_passed": false,
  "input_tokens": 219221,
  "output_tokens": 8287,
  "total_tokens": 1557162,
  "stall_aborted": false,
  "gen_queue_wait_s": 0.00018787500448524952,
  "val_queue_wait_s": 9987.751471336931
}