{
  "iter": 7,
  "opencode_elapsed_s": 616.45526123,
  "validation_elapsed_s": 323.6303575881757,
  "total_elapsed_s": 940.0856188181757,
  "validation_passed": false,
  "input_tokens": 8460810,
  "output_tokens": 35163,
  "total_tokens": 8495973,
  "stall_aborted": false,
  "gen_queue_wait_s": 0.00016354210674762726,
  "val_queue_wait_s": 1019.6211297428235
}