{
  "iter": 1,
  "opencode_elapsed_s": 311.592896223,
  "validation_elapsed_s": 414.8045890638605,
  "total_elapsed_s": 726.3974852868605,
  "validation_passed": false,
  "input_tokens": 391642,
  "output_tokens": 13326,
  "total_tokens": 3284482,
  "stall_aborted": false,
  "gen_queue_wait_s": 746.3420457260218,
  "val_queue_wait_s": 1219.4924494200386
}