{
  "iter": 4,
  "opencode_elapsed_s": 636.528142929,
  "validation_elapsed_s": 118.40954339317977,
  "total_elapsed_s": 754.9376863221797,
  "validation_passed": false,
  "input_tokens": 452077,
  "output_tokens": 6518,
  "total_tokens": 1996792,
  "stall_aborted": false,
  "gen_queue_wait_s": 226.3014264917001,
  "val_queue_wait_s": 4380.856168508995
}