{
  "iter": 5,
  "opencode_elapsed_s": 485.061449051,
  "validation_elapsed_s": 299.89476627483964,
  "total_elapsed_s": 784.9562153258396,
  "validation_passed": false,
  "input_tokens": 361675,
  "output_tokens": 8032,
  "total_tokens": 2211954,
  "stall_aborted": false,
  "gen_queue_wait_s": 0.00027337437495589256,
  "val_queue_wait_s": 338.49079097015783
}