{
  "iter": 2,
  "opencode_elapsed_s": 255.237546206,
  "validation_elapsed_s": 245.08380810404196,
  "total_elapsed_s": 500.32135431004195,
  "validation_passed": false,
  "input_tokens": 2524160,
  "output_tokens": 15212,
  "total_tokens": 2539372,
  "stall_aborted": false,
  "gen_queue_wait_s": 0.0,
  "val_queue_wait_s": 2146.4536954523064
}