{
  "iter": 2,
  "opencode_elapsed_s": 340.639498949,
  "validation_elapsed_s": 374.68953674379736,
  "total_elapsed_s": 715.3290356927973,
  "validation_passed": false,
  "input_tokens": 2596358,
  "output_tokens": 22505,
  "total_tokens": 2618863,
  "stall_aborted": false,
  "gen_queue_wait_s": 0.0,
  "val_queue_wait_s": 2772.4772729286924
}