{
  "iter": 4,
  "opencode_elapsed_s": 191.50862956,
  "validation_elapsed_s": 376.1451323321089,
  "total_elapsed_s": 567.653761892109,
  "validation_passed": false,
  "input_tokens": 53265,
  "output_tokens": 4217,
  "total_tokens": 548110,
  "stall_aborted": false,
  "gen_queue_wait_s": 8.816597983241081e-05,
  "val_queue_wait_s": 5924.182001486886
}