{
  "elapsed_s": 141.61448350409046,
  "perturbation_seed": 386461471,
  "perturbation_value": 1.4074370188469891,
  "output_file_name": "validation_output.bin"
}