{
  "iter": 9,
  "opencode_elapsed_s": 414.321541071,
  "validation_elapsed_s": 335.6785217220895,
  "total_elapsed_s": 750.0000627930895,
  "validation_passed": false,
  "input_tokens": 2520662,
  "output_tokens": 22857,
  "total_tokens": 2543519,
  "stall_aborted": false,
  "gen_queue_wait_s": 0.0001727510243654251,
  "val_queue_wait_s": 407.69623616104946
}