{
  "iter": 1,
  "opencode_elapsed_s": 1058.182637691,
  "validation_elapsed_s": 144.90972367394716,
  "total_elapsed_s": 1203.0923613649472,
  "validation_passed": false,
  "input_tokens": 5069264,
  "output_tokens": 57650,
  "total_tokens": 5126914,
  "stall_aborted": false,
  "gen_queue_wait_s": 611.9088716302067,
  "val_queue_wait_s": 4367.8544429498725
}