{
  "iter": 3,
  "opencode_elapsed_s": 1246.747397661,
  "validation_elapsed_s": 492.0471166782081,
  "total_elapsed_s": 1738.794514339208,
  "validation_passed": false,
  "input_tokens": 4125032,
  "output_tokens": 62794,
  "total_tokens": 4187826,
  "stall_aborted": false,
  "gen_queue_wait_s": 0.0002187499776482582,
  "val_queue_wait_s": 9763.216797377914
}