{
  "iter": 1,
  "opencode_elapsed_s": 286.515533209,
  "validation_elapsed_s": 80.59567464096472,
  "total_elapsed_s": 367.1112078499647,
  "validation_passed": false,
  "input_tokens": 2281064,
  "output_tokens": 11240,
  "total_tokens": 2292304,
  "stall_aborted": false,
  "gen_queue_wait_s": 0.002822729991748929,
  "val_queue_wait_s": 6974.861618242925
}