{
  "iter": 4,
  "opencode_elapsed_s": 114.888391972,
  "validation_elapsed_s": 284.63789671706036,
  "total_elapsed_s": 399.5262886890604,
  "validation_passed": false,
  "input_tokens": 68915,
  "output_tokens": 982,
  "total_tokens": 74316,
  "stall_aborted": false,
  "gen_queue_wait_s": 317.29053703695536,
  "val_queue_wait_s": 4272.421842996962
}